category1,category2,showtime,purchaseIndex1688,supplyIndex,crawl_Time
童装,儿童防晒衣/皮肤衣,2018-10-01,159,665,2019-10-01 20:42:30
童装,儿童防晒衣/皮肤衣,2018-10-02,86,662,2019-10-01 20:42:30
童装,儿童防晒衣/皮肤衣,2018-10-03,170,661,2019-10-01 20:42:30
童装,儿童防晒衣/皮肤衣,2018-10-04,164,658,2019-10-01 20:42:30
童装,儿童防晒衣/皮肤衣,2018-10-05,185,655,2019-10-01 20:42:30
童装,儿童防晒衣/皮肤衣,2018-10-06,183,652,2019-10-01 20:42:30
童装,儿童防晒衣/皮肤衣,2018-10-07,188,650,2019-10-01 20:42:30
童装,儿童防晒衣/皮肤衣,2018-10-08,179,644,2019-10-01 20:42:30
童装,儿童防晒衣/皮肤衣,2018-10-09,206,639,2019-10-01 20:42:30
童装,儿童防晒衣/皮肤衣,2018-10-10,179,632,2019-10-01 20:42:30
童装,儿童防晒衣/皮肤衣,2018-10-11,201,626,2019-10-01 20:42:30
童装,儿童防晒衣/皮肤衣,2018-10-12,215,623,2019-10-01 20:42:30
童装,儿童防晒衣/皮肤衣,2018-10-13,215,618,2019-10-01 20:42:30
童装,儿童防晒衣/皮肤衣,2018-10-14,216,616,2019-10-01 20:42:30
童装,儿童防晒衣/皮肤衣,2018-10-15,191,614,2019-10-01 20:42:30
童装,儿童防晒衣/皮肤衣,2018-10-16,202,607,2019-10-01 20:42:30
童装,儿童防晒衣/皮肤衣,2018-10-17,213,604,2019-10-01 20:42:30
童装,儿童防晒衣/皮肤衣,2018-10-18,190,600,2019-10-01 20:42:30
童装,儿童防晒衣/皮肤衣,2018-10-19,182,592,2019-10-01 20:42:30
童装,儿童防晒衣/皮肤衣,2018-10-20,184,585,2019-10-01 20:42:30
童装,儿童防晒衣/皮肤衣,2018-10-21,193,585,2019-10-01 20:42:30
童装,儿童防晒衣/皮肤衣,2018-10-22,184,584,2019-10-01 20:42:30
童装,儿童防晒衣/皮肤衣,2018-10-23,134,580,2019-10-01 20:42:30
童装,儿童防晒衣/皮肤衣,2018-10-24,97,575,2019-10-01 20:42:30
童装,儿童防晒衣/皮肤衣,2018-10-25,93,572,2019-10-01 20:42:30
童装,儿童防晒衣/皮肤衣,2018-10-26,109,568,2019-10-01 20:42:30
童装,儿童防晒衣/皮肤衣,2018-10-27,102,563,2019-10-01 20:42:30
童装,儿童防晒衣/皮肤衣,2018-10-28,100,561,2019-10-01 20:42:30
童装,儿童防晒衣/皮肤衣,2018-10-29,63,558,2019-10-01 20:42:30
童装,儿童防晒衣/皮肤衣,2018-10-30,152,557,2019-10-01 20:42:30
童装,儿童防晒衣/皮肤衣,2018-10-31,171,553,2019-10-01 20:42:30
童装,儿童防晒衣/皮肤衣,2018-11-01,93,549,2019-10-01 20:42:30
童装,儿童防晒衣/皮肤衣,2018-11-02,99,547,2019-10-01 20:42:30
童装,儿童防晒衣/皮肤衣,2018-11-03,84,542,2019-10-01 20:42:30
童装,儿童防晒衣/皮肤衣,2018-11-04,78,538,2019-10-01 20:42:30
童装,儿童防晒衣/皮肤衣,2018-11-05,56,537,2019-10-01 20:42:30
童装,儿童防晒衣/皮肤衣,2018-11-06,78,534,2019-10-01 20:42:30
童装,儿童防晒衣/皮肤衣,2018-11-07,94,532,2019-10-01 20:42:30
童装,儿童防晒衣/皮肤衣,2018-11-08,87,531,2019-10-01 20:42:30
童装,儿童防晒衣/皮肤衣,2018-11-09,84,529,2019-10-01 20:42:30
童装,儿童防晒衣/皮肤衣,2018-11-10,82,529,2019-10-01 20:42:30
童装,儿童防晒衣/皮肤衣,2018-11-11,78,529,2019-10-01 20:42:30
童装,儿童防晒衣/皮肤衣,2018-11-12,105,529,2019-10-01 20:42:30
童装,儿童防晒衣/皮肤衣,2018-11-13,91,529,2019-10-01 20:42:30
童装,儿童防晒衣/皮肤衣,2018-11-14,82,529,2019-10-01 20:42:30
童装,儿童防晒衣/皮肤衣,2018-11-15,90,528,2019-10-01 20:42:30
童装,儿童防晒衣/皮肤衣,2018-11-16,89,523,2019-10-01 20:42:30
童装,儿童防晒衣/皮肤衣,2018-11-17,100,522,2019-10-01 20:42:30
童装,儿童防晒衣/皮肤衣,2018-11-18,70,522,2019-10-01 20:42:30
童装,儿童防晒衣/皮肤衣,2018-11-19,68,522,2019-10-01 20:42:30
童装,儿童防晒衣/皮肤衣,2018-11-20,72,515,2019-10-01 20:42:30
童装,儿童防晒衣/皮肤衣,2018-11-21,69,513,2019-10-01 20:42:30
童装,儿童防晒衣/皮肤衣,2018-11-22,74,513,2019-10-01 20:42:30
童装,儿童防晒衣/皮肤衣,2018-11-23,72,513,2019-10-01 20:42:30
童装,儿童防晒衣/皮肤衣,2018-11-24,81,513,2019-10-01 20:42:30
童装,儿童防晒衣/皮肤衣,2018-11-25,62,512,2019-10-01 20:42:30
童装,儿童防晒衣/皮肤衣,2018-11-26,60,512,2019-10-01 20:42:30
童装,儿童防晒衣/皮肤衣,2018-11-27,93,506,2019-10-01 20:42:30
童装,儿童防晒衣/皮肤衣,2018-11-28,102,504,2019-10-01 20:42:30
童装,儿童防晒衣/皮肤衣,2018-11-29,88,505,2019-10-01 20:42:30
童装,儿童防晒衣/皮肤衣,2018-11-30,94,502,2019-10-01 20:42:30
童装,儿童防晒衣/皮肤衣,2018-12-01,69,501,2019-10-01 20:42:30
童装,儿童防晒衣/皮肤衣,2018-12-02,69,501,2019-10-01 20:42:30
童装,儿童防晒衣/皮肤衣,2018-12-03,51,500,2019-10-01 20:42:30
童装,儿童防晒衣/皮肤衣,2018-12-04,78,499,2019-10-01 20:42:30
童装,儿童防晒衣/皮肤衣,2018-12-05,83,500,2019-10-01 20:42:30
童装,儿童防晒衣/皮肤衣,2018-12-06,121,500,2019-10-01 20:42:30
童装,儿童防晒衣/皮肤衣,2018-12-07,86,500,2019-10-01 20:42:30
童装,儿童防晒衣/皮肤衣,2018-12-08,98,499,2019-10-01 20:42:30
童装,儿童防晒衣/皮肤衣,2018-12-09,85,495,2019-10-01 20:42:30
童装,儿童防晒衣/皮肤衣,2018-12-10,54,494,2019-10-01 20:42:30
童装,儿童防晒衣/皮肤衣,2018-12-11,78,493,2019-10-01 20:42:30
童装,儿童防晒衣/皮肤衣,2018-12-12,91,492,2019-10-01 20:42:30
童装,儿童防晒衣/皮肤衣,2018-12-13,109,491,2019-10-01 20:42:30
童装,儿童防晒衣/皮肤衣,2018-12-14,102,490,2019-10-01 20:42:30
童装,儿童防晒衣/皮肤衣,2018-12-15,93,473,2019-10-01 20:42:30
童装,儿童防晒衣/皮肤衣,2018-12-16,62,472,2019-10-01 20:42:30
童装,儿童防晒衣/皮肤衣,2018-12-17,57,472,2019-10-01 20:42:30
童装,儿童防晒衣/皮肤衣,2018-12-18,97,471,2019-10-01 20:42:30
童装,儿童防晒衣/皮肤衣,2018-12-19,132,470,2019-10-01 20:42:30
童装,儿童防晒衣/皮肤衣,2018-12-20,93,471,2019-10-01 20:42:30
童装,儿童防晒衣/皮肤衣,2018-12-21,110,472,2019-10-01 20:42:30
童装,儿童防晒衣/皮肤衣,2018-12-22,92,472,2019-10-01 20:42:30
童装,儿童防晒衣/皮肤衣,2018-12-23,80,471,2019-10-01 20:42:30
童装,儿童防晒衣/皮肤衣,2018-12-24,65,469,2019-10-01 20:42:30
童装,儿童防晒衣/皮肤衣,2018-12-25,80,470,2019-10-01 20:42:30
童装,儿童防晒衣/皮肤衣,2018-12-26,103,468,2019-10-01 20:42:30
童装,儿童防晒衣/皮肤衣,2018-12-27,77,467,2019-10-01 20:42:30
童装,儿童防晒衣/皮肤衣,2018-12-28,97,467,2019-10-01 20:42:30
童装,儿童防晒衣/皮肤衣,2018-12-29,94,466,2019-10-01 20:42:30
童装,儿童防晒衣/皮肤衣,2018-12-30,82,466,2019-10-01 20:42:30
童装,儿童防晒衣/皮肤衣,2018-12-31,77,465,2019-10-01 20:42:30
童装,儿童防晒衣/皮肤衣,2019-01-01,57,464,2019-10-01 20:42:30
童装,儿童防晒衣/皮肤衣,2019-01-02,33,464,2019-10-01 20:42:30
童装,儿童防晒衣/皮肤衣,2019-01-03,81,468,2019-10-01 20:42:30
童装,儿童防晒衣/皮肤衣,2019-01-04,87,465,2019-10-01 20:42:30
童装,儿童防晒衣/皮肤衣,2019-01-05,74,465,2019-10-01 20:42:30
童装,儿童防晒衣/皮肤衣,2019-01-06,75,466,2019-10-01 20:42:30
童装,儿童防晒衣/皮肤衣,2019-01-07,58,467,2019-10-01 20:42:30
童装,儿童防晒衣/皮肤衣,2019-01-08,111,466,2019-10-01 20:42:30
童装,儿童防晒衣/皮肤衣,2019-01-09,110,466,2019-10-01 20:42:30
童装,儿童防晒衣/皮肤衣,2019-01-10,118,467,2019-10-01 20:42:30
童装,儿童防晒衣/皮肤衣,2019-01-11,106,469,2019-10-01 20:42:30
童装,儿童防晒衣/皮肤衣,2019-01-12,106,467,2019-10-01 20:42:30
童装,儿童防晒衣/皮肤衣,2019-01-13,77,468,2019-10-01 20:42:30
童装,儿童防晒衣/皮肤衣,2019-01-14,89,468,2019-10-01 20:42:30
童装,儿童防晒衣/皮肤衣,2019-01-15,104,468,2019-10-01 20:42:30
童装,儿童防晒衣/皮肤衣,2019-01-16,125,468,2019-10-01 20:42:30
童装,儿童防晒衣/皮肤衣,2019-01-17,125,485,2019-10-01 20:42:30
童装,儿童防晒衣/皮肤衣,2019-01-18,123,486,2019-10-01 20:42:30
童装,儿童防晒衣/皮肤衣,2019-01-19,106,486,2019-10-01 20:42:30
童装,儿童防晒衣/皮肤衣,2019-01-20,103,484,2019-10-01 20:42:30
童装,儿童防晒衣/皮肤衣,2019-01-21,90,485,2019-10-01 20:42:30
童装,儿童防晒衣/皮肤衣,2019-01-22,139,488,2019-10-01 20:42:30
童装,儿童防晒衣/皮肤衣,2019-01-23,123,488,2019-10-01 20:42:30
童装,儿童防晒衣/皮肤衣,2019-01-24,124,487,2019-10-01 20:42:30
童装,儿童防晒衣/皮肤衣,2019-01-25,117,486,2019-10-01 20:42:30
童装,儿童防晒衣/皮肤衣,2019-01-26,108,486,2019-10-01 20:42:30
童装,儿童防晒衣/皮肤衣,2019-01-27,77,486,2019-10-01 20:42:30
童装,儿童防晒衣/皮肤衣,2019-01-28,45,486,2019-10-01 20:42:30
童装,儿童防晒衣/皮肤衣,2019-01-29,73,484,2019-10-01 20:42:30
童装,儿童防晒衣/皮肤衣,2019-01-30,62,484,2019-10-01 20:42:30
童装,儿童防晒衣/皮肤衣,2019-01-31,71,483,2019-10-01 20:42:30
童装,儿童防晒衣/皮肤衣,2019-02-01,58,483,2019-10-01 20:42:30
童装,儿童防晒衣/皮肤衣,2019-02-02,42,482,2019-10-01 20:42:30
童装,儿童防晒衣/皮肤衣,2019-02-03,36,481,2019-10-01 20:42:30
童装,儿童防晒衣/皮肤衣,2019-02-04,68,481,2019-10-01 20:42:30
童装,儿童防晒衣/皮肤衣,2019-02-05,29,480,2019-10-01 20:42:30
童装,儿童防晒衣/皮肤衣,2019-02-06,23,480,2019-10-01 20:42:30
童装,儿童防晒衣/皮肤衣,2019-02-07,51,479,2019-10-01 20:42:30
童装,儿童防晒衣/皮肤衣,2019-02-08,48,478,2019-10-01 20:42:30
童装,儿童防晒衣/皮肤衣,2019-02-09,43,479,2019-10-01 20:42:30
童装,儿童防晒衣/皮肤衣,2019-02-10,80,479,2019-10-01 20:42:30
童装,儿童防晒衣/皮肤衣,2019-02-11,106,479,2019-10-01 20:42:30
童装,儿童防晒衣/皮肤衣,2019-02-12,171,478,2019-10-01 20:42:30
童装,儿童防晒衣/皮肤衣,2019-02-13,249,478,2019-10-01 20:42:30
童装,儿童防晒衣/皮肤衣,2019-02-14,284,479,2019-10-01 20:42:30
童装,儿童防晒衣/皮肤衣,2019-02-15,266,478,2019-10-01 20:42:30
童装,儿童防晒衣/皮肤衣,2019-02-16,312,477,2019-10-01 20:42:30
童装,儿童防晒衣/皮肤衣,2019-02-17,274,478,2019-10-01 20:42:30
童装,儿童防晒衣/皮肤衣,2019-02-18,243,479,2019-10-01 20:42:30
童装,儿童防晒衣/皮肤衣,2019-02-19,275,480,2019-10-01 20:42:30
童装,儿童防晒衣/皮肤衣,2019-02-20,308,484,2019-10-01 20:42:30
童装,儿童防晒衣/皮肤衣,2019-02-21,304,493,2019-10-01 20:42:30
童装,儿童防晒衣/皮肤衣,2019-02-22,307,497,2019-10-01 20:42:30
童装,儿童防晒衣/皮肤衣,2019-02-23,363,499,2019-10-01 20:42:30
童装,儿童防晒衣/皮肤衣,2019-02-24,343,497,2019-10-01 20:42:30
童装,儿童防晒衣/皮肤衣,2019-02-25,287,501,2019-10-01 20:42:30
童装,儿童防晒衣/皮肤衣,2019-02-26,383,503,2019-10-01 20:42:30
童装,儿童防晒衣/皮肤衣,2019-02-27,414,509,2019-10-01 20:42:30
童装,儿童防晒衣/皮肤衣,2019-02-28,444,514,2019-10-01 20:42:30
童装,儿童防晒衣/皮肤衣,2019-03-01,434,521,2019-10-01 20:42:30
童装,儿童防晒衣/皮肤衣,2019-03-02,465,527,2019-10-01 20:42:30
童装,儿童防晒衣/皮肤衣,2019-03-03,426,531,2019-10-01 20:42:30
童装,儿童防晒衣/皮肤衣,2019-03-04,370,533,2019-10-01 20:42:30
童装,儿童防晒衣/皮肤衣,2019-03-05,495,537,2019-10-01 20:42:30
童装,儿童防晒衣/皮肤衣,2019-03-06,507,541,2019-10-01 20:42:30
童装,儿童防晒衣/皮肤衣,2019-03-07,615,549,2019-10-01 20:42:30
童装,儿童防晒衣/皮肤衣,2019-03-08,563,560,2019-10-01 20:42:30
童装,儿童防晒衣/皮肤衣,2019-03-09,581,565,2019-10-01 20:42:30
童装,儿童防晒衣/皮肤衣,2019-03-10,505,569,2019-10-01 20:42:30
童装,儿童防晒衣/皮肤衣,2019-03-11,478,573,2019-10-01 20:42:30
童装,儿童防晒衣/皮肤衣,2019-03-12,619,582,2019-10-01 20:42:30
童装,儿童防晒衣/皮肤衣,2019-03-13,653,590,2019-10-01 20:42:30
童装,儿童防晒衣/皮肤衣,2019-03-14,652,597,2019-10-01 20:42:30
童装,儿童防晒衣/皮肤衣,2019-03-15,642,604,2019-10-01 20:42:30
童装,儿童防晒衣/皮肤衣,2019-03-16,659,616,2019-10-01 20:42:30
童装,儿童防晒衣/皮肤衣,2019-03-17,592,625,2019-10-01 20:42:30
童装,儿童防晒衣/皮肤衣,2019-03-18,594,633,2019-10-01 20:42:30
童装,儿童防晒衣/皮肤衣,2019-03-19,769,647,2019-10-01 20:42:30
童装,儿童防晒衣/皮肤衣,2019-03-20,857,666,2019-10-01 20:42:30
童装,儿童防晒衣/皮肤衣,2019-03-21,896,684,2019-10-01 20:42:30
童装,儿童防晒衣/皮肤衣,2019-03-22,895,701,2019-10-01 20:42:30
童装,儿童防晒衣/皮肤衣,2019-03-23,824,711,2019-10-01 20:42:30
童装,儿童防晒衣/皮肤衣,2019-03-24,725,723,2019-10-01 20:42:30
童装,儿童防晒衣/皮肤衣,2019-03-25,693,732,2019-10-01 20:42:30
童装,儿童防晒衣/皮肤衣,2019-03-26,819,749,2019-10-01 20:42:30
童装,儿童防晒衣/皮肤衣,2019-03-27,878,763,2019-10-01 20:42:30
童装,儿童防晒衣/皮肤衣,2019-03-28,912,781,2019-10-01 20:42:30
童装,儿童防晒衣/皮肤衣,2019-03-29,1187,792,2019-10-01 20:42:30
童装,儿童防晒衣/皮肤衣,2019-03-30,899,800,2019-10-01 20:42:30
童装,儿童防晒衣/皮肤衣,2019-03-31,782,813,2019-10-01 20:42:30
童装,儿童防晒衣/皮肤衣,2019-04-01,752,819,2019-10-01 20:42:30
童装,儿童防晒衣/皮肤衣,2019-04-02,985,831,2019-10-01 20:42:30
童装,儿童防晒衣/皮肤衣,2019-04-03,952,844,2019-10-01 20:42:30
童装,儿童防晒衣/皮肤衣,2019-04-04,930,858,2019-10-01 20:42:30
童装,儿童防晒衣/皮肤衣,2019-04-05,894,871,2019-10-01 20:42:30
童装,儿童防晒衣/皮肤衣,2019-04-06,651,877,2019-10-01 20:42:30
童装,儿童防晒衣/皮肤衣,2019-04-07,733,892,2019-10-01 20:42:30
童装,儿童防晒衣/皮肤衣,2019-04-08,867,900,2019-10-01 20:42:30
童装,儿童防晒衣/皮肤衣,2019-04-09,1202,917,2019-10-01 20:42:30
童装,儿童防晒衣/皮肤衣,2019-04-10,1175,935,2019-10-01 20:42:30
童装,儿童防晒衣/皮肤衣,2019-04-11,1197,947,2019-10-01 20:42:30
童装,儿童防晒衣/皮肤衣,2019-04-12,1139,966,2019-10-01 20:42:30
童装,儿童防晒衣/皮肤衣,2019-04-13,1120,982,2019-10-01 20:42:30
童装,儿童防晒衣/皮肤衣,2019-04-14,941,998,2019-10-01 20:42:30
童装,儿童防晒衣/皮肤衣,2019-04-15,1080,1012,2019-10-01 20:42:30
童装,儿童防晒衣/皮肤衣,2019-04-16,1216,1029,2019-10-01 20:42:30
童装,儿童防晒衣/皮肤衣,2019-04-17,1146,1042,2019-10-01 20:42:30
童装,儿童防晒衣/皮肤衣,2019-04-18,1252,1056,2019-10-01 20:42:30
童装,儿童防晒衣/皮肤衣,2019-04-19,1216,1072,2019-10-01 20:42:30
童装,儿童防晒衣/皮肤衣,2019-04-20,1216,1086,2019-10-01 20:42:30
童装,儿童防晒衣/皮肤衣,2019-04-21,1105,1103,2019-10-01 20:42:30
童装,儿童防晒衣/皮肤衣,2019-04-22,1048,1119,2019-10-01 20:42:30
童装,儿童防晒衣/皮肤衣,2019-04-23,1265,1134,2019-10-01 20:42:30
童装,儿童防晒衣/皮肤衣,2019-04-24,1350,1144,2019-10-01 20:42:30
童装,儿童防晒衣/皮肤衣,2019-04-25,1321,1159,2019-10-01 20:42:30
童装,儿童防晒衣/皮肤衣,2019-04-26,1299,1166,2019-10-01 20:42:30
童装,儿童防晒衣/皮肤衣,2019-04-27,1248,1175,2019-10-01 20:42:30
童装,儿童防晒衣/皮肤衣,2019-04-28,1052,1183,2019-10-01 20:42:30
童装,儿童防晒衣/皮肤衣,2019-04-29,1147,1194,2019-10-01 20:42:30
童装,儿童防晒衣/皮肤衣,2019-04-30,1141,1204,2019-10-01 20:42:30
童装,儿童防晒衣/皮肤衣,2019-05-01,1092,1214,2019-10-01 20:42:30
童装,儿童防晒衣/皮肤衣,2019-05-02,699,1220,2019-10-01 20:42:30
童装,儿童防晒衣/皮肤衣,2019-05-03,862,1226,2019-10-01 20:42:30
童装,儿童防晒衣/皮肤衣,2019-05-04,1016,1233,2019-10-01 20:42:30
童装,儿童防晒衣/皮肤衣,2019-05-05,1113,1240,2019-10-01 20:42:30
童装,儿童防晒衣/皮肤衣,2019-05-06,1219,1248,2019-10-01 20:42:30
童装,儿童防晒衣/皮肤衣,2019-05-07,1258,1260,2019-10-01 20:42:30
童装,儿童防晒衣/皮肤衣,2019-05-08,1328,1268,2019-10-01 20:42:30
童装,儿童防晒衣/皮肤衣,2019-05-09,1236,1279,2019-10-01 20:42:30
童装,儿童防晒衣/皮肤衣,2019-05-10,1250,1295,2019-10-01 20:42:30
童装,儿童防晒衣/皮肤衣,2019-05-11,1229,1304,2019-10-01 20:42:30
童装,儿童防晒衣/皮肤衣,2019-05-12,1127,1321,2019-10-01 20:42:30
童装,儿童防晒衣/皮肤衣,2019-05-13,1052,1328,2019-10-01 20:42:30
童装,儿童防晒衣/皮肤衣,2019-05-14,1382,1333,2019-10-01 20:42:30
童装,儿童防晒衣/皮肤衣,2019-05-15,1353,1341,2019-10-01 20:42:30
童装,儿童防晒衣/皮肤衣,2019-05-16,1313,1339,2019-10-01 20:42:30
童装,儿童防晒衣/皮肤衣,2019-05-17,1385,1339,2019-10-01 20:42:30
童装,儿童防晒衣/皮肤衣,2019-05-18,1388,1349,2019-10-01 20:42:30
童装,儿童防晒衣/皮肤衣,2019-05-19,1135,1358,2019-10-01 20:42:30
童装,儿童防晒衣/皮肤衣,2019-05-20,1107,1369,2019-10-01 20:42:30
童装,儿童防晒衣/皮肤衣,2019-05-21,1252,1372,2019-10-01 20:42:30
童装,儿童防晒衣/皮肤衣,2019-05-22,1438,1381,2019-10-01 20:42:30
童装,儿童防晒衣/皮肤衣,2019-05-23,1404,1373,2019-10-01 20:42:30
童装,儿童防晒衣/皮肤衣,2019-05-24,1464,1373,2019-10-01 20:42:30
童装,儿童防晒衣/皮肤衣,2019-05-25,1387,1372,2019-10-01 20:42:30
童装,儿童防晒衣/皮肤衣,2019-05-26,1205,1380,2019-10-01 20:42:30
童装,儿童防晒衣/皮肤衣,2019-05-27,1098,1382,2019-10-01 20:42:30
童装,儿童防晒衣/皮肤衣,2019-05-28,1358,1384,2019-10-01 20:42:30
童装,儿童防晒衣/皮肤衣,2019-05-29,1404,1391,2019-10-01 20:42:30
童装,儿童防晒衣/皮肤衣,2019-05-30,1321,1395,2019-10-01 20:42:30
童装,儿童防晒衣/皮肤衣,2019-05-31,1222,1399,2019-10-01 20:42:30
童装,儿童防晒衣/皮肤衣,2019-06-01,1146,1399,2019-10-01 20:42:30
童装,儿童防晒衣/皮肤衣,2019-06-02,1042,1398,2019-10-01 20:42:30
童装,儿童防晒衣/皮肤衣,2019-06-03,1026,1404,2019-10-01 20:42:30
童装,儿童防晒衣/皮肤衣,2019-06-04,1251,1404,2019-10-01 20:42:30
童装,儿童防晒衣/皮肤衣,2019-06-05,1323,1407,2019-10-01 20:42:30
童装,儿童防晒衣/皮肤衣,2019-06-06,1255,1411,2019-10-01 20:42:30
童装,儿童防晒衣/皮肤衣,2019-06-07,1076,1411,2019-10-01 20:42:30
童装,儿童防晒衣/皮肤衣,2019-06-08,774,1413,2019-10-01 20:42:30
童装,儿童防晒衣/皮肤衣,2019-06-09,1067,1412,2019-10-01 20:42:30
童装,儿童防晒衣/皮肤衣,2019-06-10,1117,1415,2019-10-01 20:42:30
童装,儿童防晒衣/皮肤衣,2019-06-11,1300,1416,2019-10-01 20:42:30
童装,儿童防晒衣/皮肤衣,2019-06-12,1298,1419,2019-10-01 20:42:30
童装,儿童防晒衣/皮肤衣,2019-06-13,1289,1422,2019-10-01 20:42:30
童装,儿童防晒衣/皮肤衣,2019-06-14,1255,1427,2019-10-01 20:42:30
童装,儿童防晒衣/皮肤衣,2019-06-15,1107,1430,2019-10-01 20:42:30
童装,儿童防晒衣/皮肤衣,2019-06-16,941,1432,2019-10-01 20:42:30
童装,儿童防晒衣/皮肤衣,2019-06-17,867,1434,2019-10-01 20:42:30
童装,儿童防晒衣/皮肤衣,2019-06-18,1089,1429,2019-10-01 20:42:30
童装,儿童防晒衣/皮肤衣,2019-06-19,1083,1432,2019-10-01 20:42:30
童装,儿童防晒衣/皮肤衣,2019-06-20,1031,1423,2019-10-01 20:42:30
童装,儿童防晒衣/皮肤衣,2019-06-21,955,1426,2019-10-01 20:42:30
童装,儿童防晒衣/皮肤衣,2019-06-22,1004,1423,2019-10-01 20:42:30
童装,儿童防晒衣/皮肤衣,2019-06-23,825,1425,2019-10-01 20:42:30
童装,儿童防晒衣/皮肤衣,2019-06-24,772,1426,2019-10-01 20:42:30
童装,儿童防晒衣/皮肤衣,2019-06-25,955,1427,2019-10-01 20:42:30
童装,儿童防晒衣/皮肤衣,2019-06-26,853,1426,2019-10-01 20:42:30
童装,儿童防晒衣/皮肤衣,2019-06-27,922,1426,2019-10-01 20:42:30
童装,儿童防晒衣/皮肤衣,2019-06-28,844,1419,2019-10-01 20:42:30
童装,儿童防晒衣/皮肤衣,2019-06-29,779,1420,2019-10-01 20:42:30
童装,儿童防晒衣/皮肤衣,2019-06-30,659,1423,2019-10-01 20:42:30
童装,儿童防晒衣/皮肤衣,2019-07-01,681,1424,2019-10-01 20:42:30
童装,儿童防晒衣/皮肤衣,2019-07-02,817,1420,2019-10-01 20:42:30
童装,儿童防晒衣/皮肤衣,2019-07-03,827,1418,2019-10-01 20:42:30
童装,儿童防晒衣/皮肤衣,2019-07-04,799,1401,2019-10-01 20:42:30
童装,儿童防晒衣/皮肤衣,2019-07-05,779,1402,2019-10-01 20:42:30
童装,儿童防晒衣/皮肤衣,2019-07-06,722,1399,2019-10-01 20:42:30
童装,儿童防晒衣/皮肤衣,2019-07-07,663,1398,2019-10-01 20:42:30
童装,儿童防晒衣/皮肤衣,2019-07-08,614,1397,2019-10-01 20:42:30
童装,儿童防晒衣/皮肤衣,2019-07-09,748,1394,2019-10-01 20:42:30
童装,儿童防晒衣/皮肤衣,2019-07-10,763,1390,2019-10-01 20:42:30
童装,儿童防晒衣/皮肤衣,2019-07-11,739,1386,2019-10-01 20:42:30
童装,儿童防晒衣/皮肤衣,2019-07-12,723,1383,2019-10-01 20:42:30
童装,儿童防晒衣/皮肤衣,2019-07-13,683,1381,2019-10-01 20:42:30
童装,儿童防晒衣/皮肤衣,2019-07-14,584,1374,2019-10-01 20:42:30
童装,儿童防晒衣/皮肤衣,2019-07-15,553,1373,2019-10-01 20:42:30
童装,儿童防晒衣/皮肤衣,2019-07-16,661,1367,2019-10-01 20:42:30
童装,儿童防晒衣/皮肤衣,2019-07-17,658,1359,2019-10-01 20:42:30
童装,儿童防晒衣/皮肤衣,2019-07-18,692,1357,2019-10-01 20:42:30
童装,儿童防晒衣/皮肤衣,2019-07-19,683,1352,2019-10-01 20:42:30
童装,儿童防晒衣/皮肤衣,2019-07-20,676,1345,2019-10-01 20:42:30
童装,儿童防晒衣/皮肤衣,2019-07-21,559,1343,2019-10-01 20:42:30
童装,儿童防晒衣/皮肤衣,2019-07-22,514,1341,2019-10-01 20:42:30
童装,儿童防晒衣/皮肤衣,2019-07-23,656,1336,2019-10-01 20:42:30
童装,儿童防晒衣/皮肤衣,2019-07-24,647,1330,2019-10-01 20:42:30
童装,儿童防晒衣/皮肤衣,2019-07-25,612,1323,2019-10-01 20:42:30
童装,儿童防晒衣/皮肤衣,2019-07-26,616,1303,2019-10-01 20:42:30
童装,儿童防晒衣/皮肤衣,2019-07-27,617,1298,2019-10-01 20:42:30
童装,儿童防晒衣/皮肤衣,2019-07-28,524,1295,2019-10-01 20:42:30
童装,儿童防晒衣/皮肤衣,2019-07-29,487,1290,2019-10-01 20:42:30
童装,儿童防晒衣/皮肤衣,2019-07-30,577,1286,2019-10-01 20:42:30
童装,儿童防晒衣/皮肤衣,2019-07-31,582,1281,2019-10-01 20:42:30
童装,儿童防晒衣/皮肤衣,2019-08-01,533,1274,2019-10-01 20:42:30
童装,儿童防晒衣/皮肤衣,2019-08-02,551,1254,2019-10-01 20:42:30
童装,儿童防晒衣/皮肤衣,2019-08-03,543,1247,2019-10-01 20:42:30
童装,儿童防晒衣/皮肤衣,2019-08-04,448,1243,2019-10-01 20:42:30
童装,儿童防晒衣/皮肤衣,2019-08-05,375,1238,2019-10-01 20:42:30
童装,儿童防晒衣/皮肤衣,2019-08-06,493,1233,2019-10-01 20:42:30
童装,儿童防晒衣/皮肤衣,2019-08-07,479,1226,2019-10-01 20:42:30
童装,儿童防晒衣/皮肤衣,2019-08-08,478,1220,2019-10-01 20:42:30
童装,儿童防晒衣/皮肤衣,2019-08-09,457,1213,2019-10-01 20:42:30
童装,儿童防晒衣/皮肤衣,2019-08-10,416,1209,2019-10-01 20:42:30
童装,儿童防晒衣/皮肤衣,2019-08-11,379,1206,2019-10-01 20:42:30
童装,儿童防晒衣/皮肤衣,2019-08-12,368,1202,2019-10-01 20:42:30
童装,儿童防晒衣/皮肤衣,2019-08-13,432,1193,2019-10-01 20:42:30
童装,儿童防晒衣/皮肤衣,2019-08-14,397,1186,2019-10-01 20:42:30
童装,儿童防晒衣/皮肤衣,2019-08-15,389,1154,2019-10-01 20:42:30
童装,儿童防晒衣/皮肤衣,2019-08-16,389,1147,2019-10-01 20:42:30
童装,儿童防晒衣/皮肤衣,2019-08-17,380,1141,2019-10-01 20:42:30
童装,儿童防晒衣/皮肤衣,2019-08-18,355,1138,2019-10-01 20:42:30
童装,儿童防晒衣/皮肤衣,2019-08-19,308,1131,2019-10-01 20:42:30
童装,儿童防晒衣/皮肤衣,2019-08-20,356,1127,2019-10-01 20:42:30
童装,儿童防晒衣/皮肤衣,2019-08-21,340,1120,2019-10-01 20:42:30
童装,儿童防晒衣/皮肤衣,2019-08-22,435,1113,2019-10-01 20:42:30
童装,儿童防晒衣/皮肤衣,2019-08-23,333,1108,2019-10-01 20:42:30
童装,儿童防晒衣/皮肤衣,2019-08-24,338,1106,2019-10-01 20:42:30
童装,儿童防晒衣/皮肤衣,2019-08-25,276,1100,2019-10-01 20:42:30
童装,儿童防晒衣/皮肤衣,2019-08-26,276,1092,2019-10-01 20:42:30
童装,儿童防晒衣/皮肤衣,2019-08-27,281,1089,2019-10-01 20:42:30
童装,儿童防晒衣/皮肤衣,2019-08-28,285,1082,2019-10-01 20:42:30
童装,儿童防晒衣/皮肤衣,2019-08-29,285,1077,2019-10-01 20:42:30
童装,儿童防晒衣/皮肤衣,2019-08-30,264,1074,2019-10-01 20:42:30
童装,儿童防晒衣/皮肤衣,2019-08-31,275,1066,2019-10-01 20:42:30
童装,儿童防晒衣/皮肤衣,2019-09-01,229,1061,2019-10-01 20:42:30
童装,儿童防晒衣/皮肤衣,2019-09-02,212,1057,2019-10-01 20:42:30
童装,儿童防晒衣/皮肤衣,2019-09-03,283,1053,2019-10-01 20:42:30
童装,儿童防晒衣/皮肤衣,2019-09-04,274,1050,2019-10-01 20:42:30
童装,儿童防晒衣/皮肤衣,2019-09-05,296,1043,2019-10-01 20:42:30
童装,儿童防晒衣/皮肤衣,2019-09-06,262,1041,2019-10-01 20:42:30
童装,儿童防晒衣/皮肤衣,2019-09-07,259,1035,2019-10-01 20:42:30
童装,儿童防晒衣/皮肤衣,2019-09-08,216,1030,2019-10-01 20:42:30
童装,儿童防晒衣/皮肤衣,2019-09-09,206,1026,2019-10-01 20:42:30
童装,儿童防晒衣/皮肤衣,2019-09-10,257,1026,2019-10-01 20:42:30
童装,儿童防晒衣/皮肤衣,2019-09-11,250,1023,2019-10-01 20:42:30
童装,儿童防晒衣/皮肤衣,2019-09-12,253,1021,2019-10-01 20:42:30
童装,儿童防晒衣/皮肤衣,2019-09-13,214,1018,2019-10-01 20:42:30
童装,儿童防晒衣/皮肤衣,2019-09-14,133,1015,2019-10-01 20:42:30
童装,儿童防晒衣/皮肤衣,2019-09-15,174,1015,2019-10-01 20:42:30
童装,儿童防晒衣/皮肤衣,2019-09-16,181,1013,2019-10-01 20:42:30
童装,儿童防晒衣/皮肤衣,2019-09-17,248,1007,2019-10-01 20:42:30
童装,儿童防晒衣/皮肤衣,2019-09-18,251,1000,2019-10-01 20:42:30
童装,儿童防晒衣/皮肤衣,2019-09-19,228,996,2019-10-01 20:42:30
童装,儿童防晒衣/皮肤衣,2019-09-20,238,990,2019-10-01 20:42:30
童装,儿童防晒衣/皮肤衣,2019-09-21,262,989,2019-10-01 20:42:30
童装,儿童防晒衣/皮肤衣,2019-09-22,214,987,2019-10-01 20:42:30
童装,儿童防晒衣/皮肤衣,2019-09-23,209,987,2019-10-01 20:42:30
童装,儿童防晒衣/皮肤衣,2019-09-24,269,987,2019-10-01 20:42:30
童装,儿童防晒衣/皮肤衣,2019-09-25,300,980,2019-10-01 20:42:30
童装,儿童防晒衣/皮肤衣,2019-09-26,262,972,2019-10-01 20:42:30
童装,儿童防晒衣/皮肤衣,2019-09-27,235,968,2019-10-01 20:42:30
童装,儿童防晒衣/皮肤衣,2019-09-28,263,961,2019-10-01 20:42:30
童装,儿童防晒衣/皮肤衣,2019-09-29,191,961,2019-10-01 20:42:30
童装,儿童防晒衣/皮肤衣,2019-09-30,179,959,2019-10-01 20:42:30
童装,儿童防晒衣/皮肤衣,2019-10-01,183,954,2019-10-01 20:42:30
