category1,category2,showtime,purchaseIndex1688,supplyIndex,crawl_Time
童装,儿童防晒衣/皮肤衣,2019-10-31,185,655,2019-10-05 14:50:39
童装,儿童防晒衣/皮肤衣,2018-11-01,183,652,2019-10-05 14:50:39
童装,儿童防晒衣/皮肤衣,2018-11-02,188,650,2019-10-05 14:50:39
童装,儿童防晒衣/皮肤衣,2018-11-03,179,644,2019-10-05 14:50:39
童装,儿童防晒衣/皮肤衣,2018-11-04,206,639,2019-10-05 14:50:39
童装,儿童防晒衣/皮肤衣,2018-11-05,179,632,2019-10-05 14:50:39
童装,儿童防晒衣/皮肤衣,2018-11-06,201,626,2019-10-05 14:50:39
童装,儿童防晒衣/皮肤衣,2018-11-07,215,623,2019-10-05 14:50:39
童装,儿童防晒衣/皮肤衣,2018-11-08,215,618,2019-10-05 14:50:39
童装,儿童防晒衣/皮肤衣,2018-11-09,216,616,2019-10-05 14:50:39
童装,儿童防晒衣/皮肤衣,2018-11-10,191,614,2019-10-05 14:50:39
童装,儿童防晒衣/皮肤衣,2018-11-11,202,607,2019-10-05 14:50:39
童装,儿童防晒衣/皮肤衣,2018-11-12,213,604,2019-10-05 14:50:39
童装,儿童防晒衣/皮肤衣,2018-11-13,190,600,2019-10-05 14:50:39
童装,儿童防晒衣/皮肤衣,2018-11-14,182,592,2019-10-05 14:50:39
童装,儿童防晒衣/皮肤衣,2018-11-15,184,585,2019-10-05 14:50:39
童装,儿童防晒衣/皮肤衣,2018-11-16,193,585,2019-10-05 14:50:39
童装,儿童防晒衣/皮肤衣,2018-11-17,184,584,2019-10-05 14:50:39
童装,儿童防晒衣/皮肤衣,2018-11-18,134,580,2019-10-05 14:50:39
童装,儿童防晒衣/皮肤衣,2018-11-19,97,575,2019-10-05 14:50:39
童装,儿童防晒衣/皮肤衣,2018-11-20,93,572,2019-10-05 14:50:39
童装,儿童防晒衣/皮肤衣,2018-11-21,109,568,2019-10-05 14:50:39
童装,儿童防晒衣/皮肤衣,2018-11-22,102,563,2019-10-05 14:50:39
童装,儿童防晒衣/皮肤衣,2018-11-23,100,561,2019-10-05 14:50:39
童装,儿童防晒衣/皮肤衣,2018-11-24,63,558,2019-10-05 14:50:39
童装,儿童防晒衣/皮肤衣,2018-11-25,152,557,2019-10-05 14:50:39
童装,儿童防晒衣/皮肤衣,2018-11-26,171,553,2019-10-05 14:50:39
童装,儿童防晒衣/皮肤衣,2018-11-27,93,549,2019-10-05 14:50:39
童装,儿童防晒衣/皮肤衣,2018-11-28,99,547,2019-10-05 14:50:39
童装,儿童防晒衣/皮肤衣,2018-11-29,84,542,2019-10-05 14:50:39
童装,儿童防晒衣/皮肤衣,2018-11-30,78,538,2019-10-05 14:50:39
童装,儿童防晒衣/皮肤衣,2018-12-01,56,537,2019-10-05 14:50:39
童装,儿童防晒衣/皮肤衣,2018-12-02,78,534,2019-10-05 14:50:39
童装,儿童防晒衣/皮肤衣,2018-12-03,94,532,2019-10-05 14:50:39
童装,儿童防晒衣/皮肤衣,2018-12-04,87,531,2019-10-05 14:50:39
童装,儿童防晒衣/皮肤衣,2018-12-05,84,529,2019-10-05 14:50:39
童装,儿童防晒衣/皮肤衣,2018-12-06,82,529,2019-10-05 14:50:39
童装,儿童防晒衣/皮肤衣,2018-12-07,78,529,2019-10-05 14:50:39
童装,儿童防晒衣/皮肤衣,2018-12-08,105,529,2019-10-05 14:50:39
童装,儿童防晒衣/皮肤衣,2018-12-09,91,529,2019-10-05 14:50:39
童装,儿童防晒衣/皮肤衣,2018-12-10,82,529,2019-10-05 14:50:39
童装,儿童防晒衣/皮肤衣,2018-12-11,90,528,2019-10-05 14:50:39
童装,儿童防晒衣/皮肤衣,2018-12-12,89,523,2019-10-05 14:50:39
童装,儿童防晒衣/皮肤衣,2018-12-13,100,522,2019-10-05 14:50:39
童装,儿童防晒衣/皮肤衣,2018-12-14,70,522,2019-10-05 14:50:39
童装,儿童防晒衣/皮肤衣,2018-12-15,68,522,2019-10-05 14:50:39
童装,儿童防晒衣/皮肤衣,2018-12-16,72,515,2019-10-05 14:50:39
童装,儿童防晒衣/皮肤衣,2018-12-17,69,513,2019-10-05 14:50:39
童装,儿童防晒衣/皮肤衣,2018-12-18,74,513,2019-10-05 14:50:39
童装,儿童防晒衣/皮肤衣,2018-12-19,72,513,2019-10-05 14:50:39
童装,儿童防晒衣/皮肤衣,2018-12-20,81,513,2019-10-05 14:50:39
童装,儿童防晒衣/皮肤衣,2018-12-21,62,512,2019-10-05 14:50:39
童装,儿童防晒衣/皮肤衣,2018-12-22,60,512,2019-10-05 14:50:39
童装,儿童防晒衣/皮肤衣,2018-12-23,93,506,2019-10-05 14:50:39
童装,儿童防晒衣/皮肤衣,2018-12-24,102,504,2019-10-05 14:50:39
童装,儿童防晒衣/皮肤衣,2018-12-25,88,505,2019-10-05 14:50:39
童装,儿童防晒衣/皮肤衣,2018-12-26,94,502,2019-10-05 14:50:39
童装,儿童防晒衣/皮肤衣,2018-12-27,69,501,2019-10-05 14:50:39
童装,儿童防晒衣/皮肤衣,2018-12-28,69,501,2019-10-05 14:50:39
童装,儿童防晒衣/皮肤衣,2018-12-29,51,500,2019-10-05 14:50:39
童装,儿童防晒衣/皮肤衣,2018-12-30,78,499,2019-10-05 14:50:39
童装,儿童防晒衣/皮肤衣,2018-12-31,83,500,2019-10-05 14:50:39
童装,儿童防晒衣/皮肤衣,2019-01-01,121,500,2019-10-05 14:50:39
童装,儿童防晒衣/皮肤衣,2019-01-02,86,500,2019-10-05 14:50:39
童装,儿童防晒衣/皮肤衣,2019-01-03,98,499,2019-10-05 14:50:39
童装,儿童防晒衣/皮肤衣,2019-01-04,85,495,2019-10-05 14:50:39
童装,儿童防晒衣/皮肤衣,2019-01-05,54,494,2019-10-05 14:50:39
童装,儿童防晒衣/皮肤衣,2019-01-06,78,493,2019-10-05 14:50:39
童装,儿童防晒衣/皮肤衣,2019-01-07,91,492,2019-10-05 14:50:39
童装,儿童防晒衣/皮肤衣,2019-01-08,109,491,2019-10-05 14:50:39
童装,儿童防晒衣/皮肤衣,2019-01-09,102,490,2019-10-05 14:50:39
童装,儿童防晒衣/皮肤衣,2019-01-10,93,473,2019-10-05 14:50:39
童装,儿童防晒衣/皮肤衣,2019-01-11,62,472,2019-10-05 14:50:39
童装,儿童防晒衣/皮肤衣,2019-01-12,57,472,2019-10-05 14:50:39
童装,儿童防晒衣/皮肤衣,2019-01-13,97,471,2019-10-05 14:50:39
童装,儿童防晒衣/皮肤衣,2019-01-14,132,470,2019-10-05 14:50:39
童装,儿童防晒衣/皮肤衣,2019-01-15,93,471,2019-10-05 14:50:39
童装,儿童防晒衣/皮肤衣,2019-01-16,110,472,2019-10-05 14:50:39
童装,儿童防晒衣/皮肤衣,2019-01-17,92,472,2019-10-05 14:50:39
童装,儿童防晒衣/皮肤衣,2019-01-18,80,471,2019-10-05 14:50:39
童装,儿童防晒衣/皮肤衣,2019-01-19,65,469,2019-10-05 14:50:39
童装,儿童防晒衣/皮肤衣,2019-01-20,80,470,2019-10-05 14:50:39
童装,儿童防晒衣/皮肤衣,2019-01-21,103,468,2019-10-05 14:50:39
童装,儿童防晒衣/皮肤衣,2019-01-22,77,467,2019-10-05 14:50:39
童装,儿童防晒衣/皮肤衣,2019-01-23,97,467,2019-10-05 14:50:39
童装,儿童防晒衣/皮肤衣,2019-01-24,94,466,2019-10-05 14:50:39
童装,儿童防晒衣/皮肤衣,2019-01-25,82,466,2019-10-05 14:50:39
童装,儿童防晒衣/皮肤衣,2019-01-26,77,465,2019-10-05 14:50:39
童装,儿童防晒衣/皮肤衣,2019-01-27,57,464,2019-10-05 14:50:39
童装,儿童防晒衣/皮肤衣,2019-01-28,33,464,2019-10-05 14:50:39
童装,儿童防晒衣/皮肤衣,2019-01-29,81,468,2019-10-05 14:50:39
童装,儿童防晒衣/皮肤衣,2019-01-30,87,465,2019-10-05 14:50:39
童装,儿童防晒衣/皮肤衣,2019-01-31,74,465,2019-10-05 14:50:39
童装,儿童防晒衣/皮肤衣,2019-02-01,75,466,2019-10-05 14:50:39
童装,儿童防晒衣/皮肤衣,2019-02-02,58,467,2019-10-05 14:50:39
童装,儿童防晒衣/皮肤衣,2019-02-03,111,466,2019-10-05 14:50:39
童装,儿童防晒衣/皮肤衣,2019-02-04,110,466,2019-10-05 14:50:39
童装,儿童防晒衣/皮肤衣,2019-02-05,118,467,2019-10-05 14:50:39
童装,儿童防晒衣/皮肤衣,2019-02-06,106,469,2019-10-05 14:50:39
童装,儿童防晒衣/皮肤衣,2019-02-07,106,467,2019-10-05 14:50:39
童装,儿童防晒衣/皮肤衣,2019-02-08,77,468,2019-10-05 14:50:39
童装,儿童防晒衣/皮肤衣,2019-02-09,89,468,2019-10-05 14:50:39
童装,儿童防晒衣/皮肤衣,2019-02-10,104,468,2019-10-05 14:50:39
童装,儿童防晒衣/皮肤衣,2019-02-11,125,468,2019-10-05 14:50:39
童装,儿童防晒衣/皮肤衣,2019-02-12,125,485,2019-10-05 14:50:39
童装,儿童防晒衣/皮肤衣,2019-02-13,123,486,2019-10-05 14:50:39
童装,儿童防晒衣/皮肤衣,2019-02-14,106,486,2019-10-05 14:50:39
童装,儿童防晒衣/皮肤衣,2019-02-15,103,484,2019-10-05 14:50:39
童装,儿童防晒衣/皮肤衣,2019-02-16,90,485,2019-10-05 14:50:39
童装,儿童防晒衣/皮肤衣,2019-02-17,139,488,2019-10-05 14:50:39
童装,儿童防晒衣/皮肤衣,2019-02-18,123,488,2019-10-05 14:50:39
童装,儿童防晒衣/皮肤衣,2019-02-19,124,487,2019-10-05 14:50:39
童装,儿童防晒衣/皮肤衣,2019-02-20,117,486,2019-10-05 14:50:39
童装,儿童防晒衣/皮肤衣,2019-02-21,108,486,2019-10-05 14:50:39
童装,儿童防晒衣/皮肤衣,2019-02-22,77,486,2019-10-05 14:50:39
童装,儿童防晒衣/皮肤衣,2019-02-23,45,486,2019-10-05 14:50:39
童装,儿童防晒衣/皮肤衣,2019-02-24,73,484,2019-10-05 14:50:39
童装,儿童防晒衣/皮肤衣,2019-02-25,62,484,2019-10-05 14:50:39
童装,儿童防晒衣/皮肤衣,2019-02-26,71,483,2019-10-05 14:50:39
童装,儿童防晒衣/皮肤衣,2019-02-27,58,483,2019-10-05 14:50:39
童装,儿童防晒衣/皮肤衣,2019-02-28,42,482,2019-10-05 14:50:39
童装,儿童防晒衣/皮肤衣,2019-03-01,36,481,2019-10-05 14:50:39
童装,儿童防晒衣/皮肤衣,2019-03-02,68,481,2019-10-05 14:50:39
童装,儿童防晒衣/皮肤衣,2019-03-03,29,480,2019-10-05 14:50:39
童装,儿童防晒衣/皮肤衣,2019-03-04,23,480,2019-10-05 14:50:39
童装,儿童防晒衣/皮肤衣,2019-03-05,51,479,2019-10-05 14:50:39
童装,儿童防晒衣/皮肤衣,2019-03-06,48,478,2019-10-05 14:50:39
童装,儿童防晒衣/皮肤衣,2019-03-07,43,479,2019-10-05 14:50:39
童装,儿童防晒衣/皮肤衣,2019-03-08,80,479,2019-10-05 14:50:39
童装,儿童防晒衣/皮肤衣,2019-03-09,106,479,2019-10-05 14:50:39
童装,儿童防晒衣/皮肤衣,2019-03-10,171,478,2019-10-05 14:50:39
童装,儿童防晒衣/皮肤衣,2019-03-11,249,478,2019-10-05 14:50:39
童装,儿童防晒衣/皮肤衣,2019-03-12,284,479,2019-10-05 14:50:39
童装,儿童防晒衣/皮肤衣,2019-03-13,266,478,2019-10-05 14:50:39
童装,儿童防晒衣/皮肤衣,2019-03-14,312,477,2019-10-05 14:50:39
童装,儿童防晒衣/皮肤衣,2019-03-15,274,478,2019-10-05 14:50:39
童装,儿童防晒衣/皮肤衣,2019-03-16,243,479,2019-10-05 14:50:39
童装,儿童防晒衣/皮肤衣,2019-03-17,275,480,2019-10-05 14:50:39
童装,儿童防晒衣/皮肤衣,2019-03-18,308,484,2019-10-05 14:50:39
童装,儿童防晒衣/皮肤衣,2019-03-19,304,493,2019-10-05 14:50:39
童装,儿童防晒衣/皮肤衣,2019-03-20,307,497,2019-10-05 14:50:39
童装,儿童防晒衣/皮肤衣,2019-03-21,363,499,2019-10-05 14:50:39
童装,儿童防晒衣/皮肤衣,2019-03-22,343,497,2019-10-05 14:50:39
童装,儿童防晒衣/皮肤衣,2019-03-23,287,501,2019-10-05 14:50:39
童装,儿童防晒衣/皮肤衣,2019-03-24,383,503,2019-10-05 14:50:39
童装,儿童防晒衣/皮肤衣,2019-03-25,414,509,2019-10-05 14:50:39
童装,儿童防晒衣/皮肤衣,2019-03-26,444,514,2019-10-05 14:50:39
童装,儿童防晒衣/皮肤衣,2019-03-27,434,521,2019-10-05 14:50:39
童装,儿童防晒衣/皮肤衣,2019-03-28,465,527,2019-10-05 14:50:39
童装,儿童防晒衣/皮肤衣,2019-03-29,426,531,2019-10-05 14:50:39
童装,儿童防晒衣/皮肤衣,2019-03-30,370,533,2019-10-05 14:50:39
童装,儿童防晒衣/皮肤衣,2019-03-31,495,537,2019-10-05 14:50:39
童装,儿童防晒衣/皮肤衣,2019-04-01,507,541,2019-10-05 14:50:39
童装,儿童防晒衣/皮肤衣,2019-04-02,615,549,2019-10-05 14:50:39
童装,儿童防晒衣/皮肤衣,2019-04-03,563,560,2019-10-05 14:50:39
童装,儿童防晒衣/皮肤衣,2019-04-04,581,565,2019-10-05 14:50:39
童装,儿童防晒衣/皮肤衣,2019-04-05,505,569,2019-10-05 14:50:39
童装,儿童防晒衣/皮肤衣,2019-04-06,478,573,2019-10-05 14:50:39
童装,儿童防晒衣/皮肤衣,2019-04-07,619,582,2019-10-05 14:50:39
童装,儿童防晒衣/皮肤衣,2019-04-08,653,590,2019-10-05 14:50:39
童装,儿童防晒衣/皮肤衣,2019-04-09,652,597,2019-10-05 14:50:39
童装,儿童防晒衣/皮肤衣,2019-04-10,642,604,2019-10-05 14:50:39
童装,儿童防晒衣/皮肤衣,2019-04-11,659,616,2019-10-05 14:50:39
童装,儿童防晒衣/皮肤衣,2019-04-12,592,625,2019-10-05 14:50:39
童装,儿童防晒衣/皮肤衣,2019-04-13,594,633,2019-10-05 14:50:39
童装,儿童防晒衣/皮肤衣,2019-04-14,769,647,2019-10-05 14:50:39
童装,儿童防晒衣/皮肤衣,2019-04-15,857,666,2019-10-05 14:50:39
童装,儿童防晒衣/皮肤衣,2019-04-16,896,684,2019-10-05 14:50:39
童装,儿童防晒衣/皮肤衣,2019-04-17,895,701,2019-10-05 14:50:39
童装,儿童防晒衣/皮肤衣,2019-04-18,824,711,2019-10-05 14:50:39
童装,儿童防晒衣/皮肤衣,2019-04-19,725,723,2019-10-05 14:50:39
童装,儿童防晒衣/皮肤衣,2019-04-20,693,732,2019-10-05 14:50:39
童装,儿童防晒衣/皮肤衣,2019-04-21,819,749,2019-10-05 14:50:39
童装,儿童防晒衣/皮肤衣,2019-04-22,878,763,2019-10-05 14:50:39
童装,儿童防晒衣/皮肤衣,2019-04-23,912,781,2019-10-05 14:50:39
童装,儿童防晒衣/皮肤衣,2019-04-24,1187,792,2019-10-05 14:50:39
童装,儿童防晒衣/皮肤衣,2019-04-25,899,800,2019-10-05 14:50:39
童装,儿童防晒衣/皮肤衣,2019-04-26,782,813,2019-10-05 14:50:39
童装,儿童防晒衣/皮肤衣,2019-04-27,752,819,2019-10-05 14:50:39
童装,儿童防晒衣/皮肤衣,2019-04-28,985,831,2019-10-05 14:50:39
童装,儿童防晒衣/皮肤衣,2019-04-29,952,844,2019-10-05 14:50:39
童装,儿童防晒衣/皮肤衣,2019-04-30,930,858,2019-10-05 14:50:39
童装,儿童防晒衣/皮肤衣,2019-05-01,894,871,2019-10-05 14:50:39
童装,儿童防晒衣/皮肤衣,2019-05-02,651,877,2019-10-05 14:50:39
童装,儿童防晒衣/皮肤衣,2019-05-03,733,892,2019-10-05 14:50:39
童装,儿童防晒衣/皮肤衣,2019-05-04,867,900,2019-10-05 14:50:39
童装,儿童防晒衣/皮肤衣,2019-05-05,1202,917,2019-10-05 14:50:39
童装,儿童防晒衣/皮肤衣,2019-05-06,1175,935,2019-10-05 14:50:39
童装,儿童防晒衣/皮肤衣,2019-05-07,1197,947,2019-10-05 14:50:39
童装,儿童防晒衣/皮肤衣,2019-05-08,1139,966,2019-10-05 14:50:39
童装,儿童防晒衣/皮肤衣,2019-05-09,1120,982,2019-10-05 14:50:39
童装,儿童防晒衣/皮肤衣,2019-05-10,941,998,2019-10-05 14:50:39
童装,儿童防晒衣/皮肤衣,2019-05-11,1080,1012,2019-10-05 14:50:39
童装,儿童防晒衣/皮肤衣,2019-05-12,1216,1029,2019-10-05 14:50:39
童装,儿童防晒衣/皮肤衣,2019-05-13,1146,1042,2019-10-05 14:50:39
童装,儿童防晒衣/皮肤衣,2019-05-14,1252,1056,2019-10-05 14:50:39
童装,儿童防晒衣/皮肤衣,2019-05-15,1216,1072,2019-10-05 14:50:39
童装,儿童防晒衣/皮肤衣,2019-05-16,1216,1086,2019-10-05 14:50:39
童装,儿童防晒衣/皮肤衣,2019-05-17,1105,1103,2019-10-05 14:50:39
童装,儿童防晒衣/皮肤衣,2019-05-18,1048,1119,2019-10-05 14:50:39
童装,儿童防晒衣/皮肤衣,2019-05-19,1265,1134,2019-10-05 14:50:39
童装,儿童防晒衣/皮肤衣,2019-05-20,1350,1144,2019-10-05 14:50:39
童装,儿童防晒衣/皮肤衣,2019-05-21,1321,1159,2019-10-05 14:50:39
童装,儿童防晒衣/皮肤衣,2019-05-22,1299,1166,2019-10-05 14:50:39
童装,儿童防晒衣/皮肤衣,2019-05-23,1248,1175,2019-10-05 14:50:39
童装,儿童防晒衣/皮肤衣,2019-05-24,1052,1183,2019-10-05 14:50:39
童装,儿童防晒衣/皮肤衣,2019-05-25,1147,1194,2019-10-05 14:50:39
童装,儿童防晒衣/皮肤衣,2019-05-26,1141,1204,2019-10-05 14:50:39
童装,儿童防晒衣/皮肤衣,2019-05-27,1092,1214,2019-10-05 14:50:39
童装,儿童防晒衣/皮肤衣,2019-05-28,699,1220,2019-10-05 14:50:39
童装,儿童防晒衣/皮肤衣,2019-05-29,862,1226,2019-10-05 14:50:39
童装,儿童防晒衣/皮肤衣,2019-05-30,1016,1233,2019-10-05 14:50:39
童装,儿童防晒衣/皮肤衣,2019-05-31,1113,1240,2019-10-05 14:50:39
童装,儿童防晒衣/皮肤衣,2019-06-01,1219,1248,2019-10-05 14:50:39
童装,儿童防晒衣/皮肤衣,2019-06-02,1258,1260,2019-10-05 14:50:39
童装,儿童防晒衣/皮肤衣,2019-06-03,1328,1268,2019-10-05 14:50:39
童装,儿童防晒衣/皮肤衣,2019-06-04,1236,1279,2019-10-05 14:50:39
童装,儿童防晒衣/皮肤衣,2019-06-05,1250,1295,2019-10-05 14:50:39
童装,儿童防晒衣/皮肤衣,2019-06-06,1229,1304,2019-10-05 14:50:39
童装,儿童防晒衣/皮肤衣,2019-06-07,1127,1321,2019-10-05 14:50:39
童装,儿童防晒衣/皮肤衣,2019-06-08,1052,1328,2019-10-05 14:50:39
童装,儿童防晒衣/皮肤衣,2019-06-09,1382,1333,2019-10-05 14:50:39
童装,儿童防晒衣/皮肤衣,2019-06-10,1353,1341,2019-10-05 14:50:39
童装,儿童防晒衣/皮肤衣,2019-06-11,1313,1339,2019-10-05 14:50:39
童装,儿童防晒衣/皮肤衣,2019-06-12,1385,1339,2019-10-05 14:50:39
童装,儿童防晒衣/皮肤衣,2019-06-13,1388,1349,2019-10-05 14:50:39
童装,儿童防晒衣/皮肤衣,2019-06-14,1135,1358,2019-10-05 14:50:39
童装,儿童防晒衣/皮肤衣,2019-06-15,1107,1369,2019-10-05 14:50:39
童装,儿童防晒衣/皮肤衣,2019-06-16,1252,1372,2019-10-05 14:50:39
童装,儿童防晒衣/皮肤衣,2019-06-17,1438,1381,2019-10-05 14:50:39
童装,儿童防晒衣/皮肤衣,2019-06-18,1404,1373,2019-10-05 14:50:39
童装,儿童防晒衣/皮肤衣,2019-06-19,1464,1373,2019-10-05 14:50:39
童装,儿童防晒衣/皮肤衣,2019-06-20,1387,1372,2019-10-05 14:50:39
童装,儿童防晒衣/皮肤衣,2019-06-21,1205,1380,2019-10-05 14:50:39
童装,儿童防晒衣/皮肤衣,2019-06-22,1098,1382,2019-10-05 14:50:39
童装,儿童防晒衣/皮肤衣,2019-06-23,1358,1384,2019-10-05 14:50:39
童装,儿童防晒衣/皮肤衣,2019-06-24,1404,1391,2019-10-05 14:50:39
童装,儿童防晒衣/皮肤衣,2019-06-25,1321,1395,2019-10-05 14:50:39
童装,儿童防晒衣/皮肤衣,2019-06-26,1222,1399,2019-10-05 14:50:39
童装,儿童防晒衣/皮肤衣,2019-06-27,1146,1399,2019-10-05 14:50:39
童装,儿童防晒衣/皮肤衣,2019-06-28,1042,1398,2019-10-05 14:50:39
童装,儿童防晒衣/皮肤衣,2019-06-29,1026,1404,2019-10-05 14:50:39
童装,儿童防晒衣/皮肤衣,2019-06-30,1251,1404,2019-10-05 14:50:39
童装,儿童防晒衣/皮肤衣,2019-07-01,1323,1407,2019-10-05 14:50:39
童装,儿童防晒衣/皮肤衣,2019-07-02,1255,1411,2019-10-05 14:50:39
童装,儿童防晒衣/皮肤衣,2019-07-03,1076,1411,2019-10-05 14:50:39
童装,儿童防晒衣/皮肤衣,2019-07-04,774,1413,2019-10-05 14:50:39
童装,儿童防晒衣/皮肤衣,2019-07-05,1067,1412,2019-10-05 14:50:39
童装,儿童防晒衣/皮肤衣,2019-07-06,1117,1415,2019-10-05 14:50:39
童装,儿童防晒衣/皮肤衣,2019-07-07,1300,1416,2019-10-05 14:50:39
童装,儿童防晒衣/皮肤衣,2019-07-08,1298,1419,2019-10-05 14:50:39
童装,儿童防晒衣/皮肤衣,2019-07-09,1289,1422,2019-10-05 14:50:39
童装,儿童防晒衣/皮肤衣,2019-07-10,1255,1427,2019-10-05 14:50:39
童装,儿童防晒衣/皮肤衣,2019-07-11,1107,1430,2019-10-05 14:50:39
童装,儿童防晒衣/皮肤衣,2019-07-12,941,1432,2019-10-05 14:50:39
童装,儿童防晒衣/皮肤衣,2019-07-13,867,1434,2019-10-05 14:50:39
童装,儿童防晒衣/皮肤衣,2019-07-14,1089,1429,2019-10-05 14:50:39
童装,儿童防晒衣/皮肤衣,2019-07-15,1083,1432,2019-10-05 14:50:39
童装,儿童防晒衣/皮肤衣,2019-07-16,1031,1423,2019-10-05 14:50:39
童装,儿童防晒衣/皮肤衣,2019-07-17,955,1426,2019-10-05 14:50:39
童装,儿童防晒衣/皮肤衣,2019-07-18,1004,1423,2019-10-05 14:50:39
童装,儿童防晒衣/皮肤衣,2019-07-19,825,1425,2019-10-05 14:50:39
童装,儿童防晒衣/皮肤衣,2019-07-20,772,1426,2019-10-05 14:50:39
童装,儿童防晒衣/皮肤衣,2019-07-21,955,1427,2019-10-05 14:50:39
童装,儿童防晒衣/皮肤衣,2019-07-22,853,1426,2019-10-05 14:50:39
童装,儿童防晒衣/皮肤衣,2019-07-23,922,1426,2019-10-05 14:50:39
童装,儿童防晒衣/皮肤衣,2019-07-24,844,1419,2019-10-05 14:50:39
童装,儿童防晒衣/皮肤衣,2019-07-25,779,1420,2019-10-05 14:50:39
童装,儿童防晒衣/皮肤衣,2019-07-26,659,1423,2019-10-05 14:50:39
童装,儿童防晒衣/皮肤衣,2019-07-27,681,1424,2019-10-05 14:50:39
童装,儿童防晒衣/皮肤衣,2019-07-28,817,1420,2019-10-05 14:50:39
童装,儿童防晒衣/皮肤衣,2019-07-29,827,1418,2019-10-05 14:50:39
童装,儿童防晒衣/皮肤衣,2019-07-30,799,1401,2019-10-05 14:50:39
童装,儿童防晒衣/皮肤衣,2019-07-31,779,1402,2019-10-05 14:50:39
童装,儿童防晒衣/皮肤衣,2019-08-01,722,1399,2019-10-05 14:50:39
童装,儿童防晒衣/皮肤衣,2019-08-02,663,1398,2019-10-05 14:50:39
童装,儿童防晒衣/皮肤衣,2019-08-03,614,1397,2019-10-05 14:50:39
童装,儿童防晒衣/皮肤衣,2019-08-04,748,1394,2019-10-05 14:50:39
童装,儿童防晒衣/皮肤衣,2019-08-05,763,1390,2019-10-05 14:50:39
童装,儿童防晒衣/皮肤衣,2019-08-06,739,1386,2019-10-05 14:50:39
童装,儿童防晒衣/皮肤衣,2019-08-07,723,1383,2019-10-05 14:50:39
童装,儿童防晒衣/皮肤衣,2019-08-08,683,1381,2019-10-05 14:50:39
童装,儿童防晒衣/皮肤衣,2019-08-09,584,1374,2019-10-05 14:50:39
童装,儿童防晒衣/皮肤衣,2019-08-10,553,1373,2019-10-05 14:50:39
童装,儿童防晒衣/皮肤衣,2019-08-11,661,1367,2019-10-05 14:50:39
童装,儿童防晒衣/皮肤衣,2019-08-12,658,1359,2019-10-05 14:50:39
童装,儿童防晒衣/皮肤衣,2019-08-13,692,1357,2019-10-05 14:50:39
童装,儿童防晒衣/皮肤衣,2019-08-14,683,1352,2019-10-05 14:50:39
童装,儿童防晒衣/皮肤衣,2019-08-15,676,1345,2019-10-05 14:50:39
童装,儿童防晒衣/皮肤衣,2019-08-16,559,1343,2019-10-05 14:50:39
童装,儿童防晒衣/皮肤衣,2019-08-17,514,1341,2019-10-05 14:50:39
童装,儿童防晒衣/皮肤衣,2019-08-18,656,1336,2019-10-05 14:50:39
童装,儿童防晒衣/皮肤衣,2019-08-19,647,1330,2019-10-05 14:50:39
童装,儿童防晒衣/皮肤衣,2019-08-20,612,1323,2019-10-05 14:50:39
童装,儿童防晒衣/皮肤衣,2019-08-21,616,1303,2019-10-05 14:50:39
童装,儿童防晒衣/皮肤衣,2019-08-22,617,1298,2019-10-05 14:50:39
童装,儿童防晒衣/皮肤衣,2019-08-23,524,1295,2019-10-05 14:50:39
童装,儿童防晒衣/皮肤衣,2019-08-24,487,1290,2019-10-05 14:50:39
童装,儿童防晒衣/皮肤衣,2019-08-25,577,1286,2019-10-05 14:50:39
童装,儿童防晒衣/皮肤衣,2019-08-26,582,1281,2019-10-05 14:50:39
童装,儿童防晒衣/皮肤衣,2019-08-27,533,1274,2019-10-05 14:50:39
童装,儿童防晒衣/皮肤衣,2019-08-28,551,1254,2019-10-05 14:50:39
童装,儿童防晒衣/皮肤衣,2019-08-29,543,1247,2019-10-05 14:50:39
童装,儿童防晒衣/皮肤衣,2019-08-30,448,1243,2019-10-05 14:50:39
童装,儿童防晒衣/皮肤衣,2019-08-31,375,1238,2019-10-05 14:50:39
童装,儿童防晒衣/皮肤衣,2019-09-01,493,1233,2019-10-05 14:50:39
童装,儿童防晒衣/皮肤衣,2019-09-02,479,1226,2019-10-05 14:50:39
童装,儿童防晒衣/皮肤衣,2019-09-03,478,1220,2019-10-05 14:50:39
童装,儿童防晒衣/皮肤衣,2019-09-04,457,1213,2019-10-05 14:50:39
童装,儿童防晒衣/皮肤衣,2019-09-05,416,1209,2019-10-05 14:50:39
童装,儿童防晒衣/皮肤衣,2019-09-06,379,1206,2019-10-05 14:50:39
童装,儿童防晒衣/皮肤衣,2019-09-07,368,1202,2019-10-05 14:50:39
童装,儿童防晒衣/皮肤衣,2019-09-08,432,1193,2019-10-05 14:50:39
童装,儿童防晒衣/皮肤衣,2019-09-09,397,1186,2019-10-05 14:50:39
童装,儿童防晒衣/皮肤衣,2019-09-10,389,1154,2019-10-05 14:50:39
童装,儿童防晒衣/皮肤衣,2019-09-11,389,1147,2019-10-05 14:50:39
童装,儿童防晒衣/皮肤衣,2019-09-12,380,1141,2019-10-05 14:50:39
童装,儿童防晒衣/皮肤衣,2019-09-13,355,1138,2019-10-05 14:50:39
童装,儿童防晒衣/皮肤衣,2019-09-14,308,1131,2019-10-05 14:50:39
童装,儿童防晒衣/皮肤衣,2019-09-15,356,1127,2019-10-05 14:50:39
童装,儿童防晒衣/皮肤衣,2019-09-16,340,1120,2019-10-05 14:50:39
童装,儿童防晒衣/皮肤衣,2019-09-17,435,1113,2019-10-05 14:50:39
童装,儿童防晒衣/皮肤衣,2019-09-18,333,1108,2019-10-05 14:50:39
童装,儿童防晒衣/皮肤衣,2019-09-19,338,1106,2019-10-05 14:50:39
童装,儿童防晒衣/皮肤衣,2019-09-20,276,1100,2019-10-05 14:50:39
童装,儿童防晒衣/皮肤衣,2019-09-21,276,1092,2019-10-05 14:50:39
童装,儿童防晒衣/皮肤衣,2019-09-22,281,1089,2019-10-05 14:50:39
童装,儿童防晒衣/皮肤衣,2019-09-23,285,1082,2019-10-05 14:50:39
童装,儿童防晒衣/皮肤衣,2019-09-24,285,1077,2019-10-05 14:50:39
童装,儿童防晒衣/皮肤衣,2019-09-25,264,1074,2019-10-05 14:50:39
童装,儿童防晒衣/皮肤衣,2019-09-26,275,1066,2019-10-05 14:50:39
童装,儿童防晒衣/皮肤衣,2019-09-27,229,1061,2019-10-05 14:50:39
童装,儿童防晒衣/皮肤衣,2019-09-28,212,1057,2019-10-05 14:50:39
童装,儿童防晒衣/皮肤衣,2019-09-29,283,1053,2019-10-05 14:50:39
童装,儿童防晒衣/皮肤衣,2019-09-30,274,1050,2019-10-05 14:50:39
童装,儿童防晒衣/皮肤衣,2019-10-01,296,1043,2019-10-05 14:50:39
童装,儿童防晒衣/皮肤衣,2019-10-02,262,1041,2019-10-05 14:50:39
童装,儿童防晒衣/皮肤衣,2019-10-03,259,1035,2019-10-05 14:50:39
童装,儿童防晒衣/皮肤衣,2019-10-04,216,1030,2019-10-05 14:50:39
童装,儿童防晒衣/皮肤衣,2019-10-05,206,1026,2019-10-05 14:50:39
童装,儿童防晒衣/皮肤衣,2019-10-06,257,1026,2019-10-05 14:50:39
童装,儿童防晒衣/皮肤衣,2019-10-07,250,1023,2019-10-05 14:50:39
童装,儿童防晒衣/皮肤衣,2019-10-08,253,1021,2019-10-05 14:50:39
童装,儿童防晒衣/皮肤衣,2019-10-09,214,1018,2019-10-05 14:50:39
童装,儿童防晒衣/皮肤衣,2019-10-10,133,1015,2019-10-05 14:50:39
童装,儿童防晒衣/皮肤衣,2019-10-11,174,1015,2019-10-05 14:50:39
童装,儿童防晒衣/皮肤衣,2019-10-12,181,1013,2019-10-05 14:50:39
童装,儿童防晒衣/皮肤衣,2019-10-13,248,1007,2019-10-05 14:50:39
童装,儿童防晒衣/皮肤衣,2019-10-14,251,1000,2019-10-05 14:50:39
童装,儿童防晒衣/皮肤衣,2019-10-15,228,996,2019-10-05 14:50:39
童装,儿童防晒衣/皮肤衣,2019-10-16,238,990,2019-10-05 14:50:39
童装,儿童防晒衣/皮肤衣,2019-10-17,262,989,2019-10-05 14:50:39
童装,儿童防晒衣/皮肤衣,2019-10-18,214,987,2019-10-05 14:50:39
童装,儿童防晒衣/皮肤衣,2019-10-19,209,987,2019-10-05 14:50:39
童装,儿童防晒衣/皮肤衣,2019-10-20,269,987,2019-10-05 14:50:39
童装,儿童防晒衣/皮肤衣,2019-10-21,300,980,2019-10-05 14:50:39
童装,儿童防晒衣/皮肤衣,2019-10-22,262,972,2019-10-05 14:50:39
童装,儿童防晒衣/皮肤衣,2019-10-23,235,968,2019-10-05 14:50:39
童装,儿童防晒衣/皮肤衣,2019-10-24,263,961,2019-10-05 14:50:39
童装,儿童防晒衣/皮肤衣,2019-10-25,191,961,2019-10-05 14:50:39
童装,儿童防晒衣/皮肤衣,2019-10-26,179,959,2019-10-05 14:50:39
童装,儿童防晒衣/皮肤衣,2019-10-27,183,954,2019-10-05 14:50:39
童装,儿童防晒衣/皮肤衣,2019-10-28,115,953,2019-10-05 14:50:39
童装,儿童防晒衣/皮肤衣,2019-10-29,121,950,2019-10-05 14:50:39
童装,儿童防晒衣/皮肤衣,2019-10-30,154,950,2019-10-05 14:50:39
童装,儿童防晒衣/皮肤衣,2019-10-31,140,948,2019-10-05 14:50:39
童装,儿童内衣内裤,2019-10-31,3381,3595,2019-10-05 14:51:19
童装,儿童内衣内裤,2018-11-01,3605,3609,2019-10-05 14:51:19
童装,儿童内衣内裤,2018-11-02,3563,3611,2019-10-05 14:51:19
童装,儿童内衣内裤,2018-11-03,3504,3611,2019-10-05 14:51:19
童装,儿童内衣内裤,2018-11-04,4091,3612,2019-10-05 14:51:19
童装,儿童内衣内裤,2018-11-05,4238,3612,2019-10-05 14:51:19
童装,儿童内衣内裤,2018-11-06,4418,3619,2019-10-05 14:51:19
童装,儿童内衣内裤,2018-11-07,4523,3619,2019-10-05 14:51:19
童装,儿童内衣内裤,2018-11-08,4325,3621,2019-10-05 14:51:19
童装,儿童内衣内裤,2018-11-09,3940,3624,2019-10-05 14:51:19
童装,儿童内衣内裤,2018-11-10,3803,3621,2019-10-05 14:51:19
童装,儿童内衣内裤,2018-11-11,4514,3622,2019-10-05 14:51:19
童装,儿童内衣内裤,2018-11-12,4370,3631,2019-10-05 14:51:19
童装,儿童内衣内裤,2018-11-13,4260,3628,2019-10-05 14:51:19
童装,儿童内衣内裤,2018-11-14,3842,3625,2019-10-05 14:51:19
童装,儿童内衣内裤,2018-11-15,4011,3597,2019-10-05 14:51:19
童装,儿童内衣内裤,2018-11-16,3616,3601,2019-10-05 14:51:19
童装,儿童内衣内裤,2018-11-17,3885,3592,2019-10-05 14:51:19
童装,儿童内衣内裤,2018-11-18,4306,3594,2019-10-05 14:51:19
童装,儿童内衣内裤,2018-11-19,3977,3601,2019-10-05 14:51:19
童装,儿童内衣内裤,2018-11-20,3817,3603,2019-10-05 14:51:19
童装,儿童内衣内裤,2018-11-21,3877,3606,2019-10-05 14:51:19
童装,儿童内衣内裤,2018-11-22,3809,3608,2019-10-05 14:51:19
童装,儿童内衣内裤,2018-11-23,3162,3615,2019-10-05 14:51:19
童装,儿童内衣内裤,2018-11-24,2959,3619,2019-10-05 14:51:19
童装,儿童内衣内裤,2018-11-25,3365,3631,2019-10-05 14:51:19
童装,儿童内衣内裤,2018-11-26,3338,3635,2019-10-05 14:51:19
童装,儿童内衣内裤,2018-11-27,3231,3625,2019-10-05 14:51:19
童装,儿童内衣内裤,2018-11-28,3405,3636,2019-10-05 14:51:19
童装,儿童内衣内裤,2018-11-29,3275,3635,2019-10-05 14:51:19
童装,儿童内衣内裤,2018-11-30,3023,3646,2019-10-05 14:51:19
童装,儿童内衣内裤,2018-12-01,2831,3646,2019-10-05 14:51:19
童装,儿童内衣内裤,2018-12-02,3478,3658,2019-10-05 14:51:19
童装,儿童内衣内裤,2018-12-03,3539,3670,2019-10-05 14:51:19
童装,儿童内衣内裤,2018-12-04,3505,3668,2019-10-05 14:51:19
童装,儿童内衣内裤,2018-12-05,3451,3664,2019-10-05 14:51:19
童装,儿童内衣内裤,2018-12-06,3326,3662,2019-10-05 14:51:19
童装,儿童内衣内裤,2018-12-07,3056,3672,2019-10-05 14:51:19
童装,儿童内衣内裤,2018-12-08,4085,3676,2019-10-05 14:51:19
童装,儿童内衣内裤,2018-12-09,3719,3673,2019-10-05 14:51:19
童装,儿童内衣内裤,2018-12-10,3426,3680,2019-10-05 14:51:19
童装,儿童内衣内裤,2018-12-11,3294,3684,2019-10-05 14:51:19
童装,儿童内衣内裤,2018-12-12,3242,3690,2019-10-05 14:51:19
童装,儿童内衣内裤,2018-12-13,3164,3693,2019-10-05 14:51:19
童装,儿童内衣内裤,2018-12-14,2953,3700,2019-10-05 14:51:19
童装,儿童内衣内裤,2018-12-15,2852,3707,2019-10-05 14:51:19
童装,儿童内衣内裤,2018-12-16,3344,3708,2019-10-05 14:51:19
童装,儿童内衣内裤,2018-12-17,3216,3710,2019-10-05 14:51:19
童装,儿童内衣内裤,2018-12-18,3165,3712,2019-10-05 14:51:19
童装,儿童内衣内裤,2018-12-19,3122,3710,2019-10-05 14:51:19
童装,儿童内衣内裤,2018-12-20,2938,3721,2019-10-05 14:51:19
童装,儿童内衣内裤,2018-12-21,2561,3726,2019-10-05 14:51:19
童装,儿童内衣内裤,2018-12-22,2471,3741,2019-10-05 14:51:19
童装,儿童内衣内裤,2018-12-23,3061,3751,2019-10-05 14:51:19
童装,儿童内衣内裤,2018-12-24,3088,3737,2019-10-05 14:51:19
童装,儿童内衣内裤,2018-12-25,2956,3736,2019-10-05 14:51:19
童装,儿童内衣内裤,2018-12-26,2883,3740,2019-10-05 14:51:19
童装,儿童内衣内裤,2018-12-27,2892,3735,2019-10-05 14:51:19
童装,儿童内衣内裤,2018-12-28,2452,3735,2019-10-05 14:51:19
童装,儿童内衣内裤,2018-12-29,2346,3730,2019-10-05 14:51:19
童装,儿童内衣内裤,2018-12-30,2803,3728,2019-10-05 14:51:19
童装,儿童内衣内裤,2018-12-31,2748,3743,2019-10-05 14:51:19
童装,儿童内衣内裤,2019-01-01,2739,3753,2019-10-05 14:51:19
童装,儿童内衣内裤,2019-01-02,2805,3755,2019-10-05 14:51:19
童装,儿童内衣内裤,2019-01-03,2795,3762,2019-10-05 14:51:19
童装,儿童内衣内裤,2019-01-04,2532,3765,2019-10-05 14:51:19
童装,儿童内衣内裤,2019-01-05,2538,3774,2019-10-05 14:51:19
童装,儿童内衣内裤,2019-01-06,3196,3782,2019-10-05 14:51:19
童装,儿童内衣内裤,2019-01-07,3054,3785,2019-10-05 14:51:19
童装,儿童内衣内裤,2019-01-08,3641,3789,2019-10-05 14:51:19
童装,儿童内衣内裤,2019-01-09,3240,3793,2019-10-05 14:51:19
童装,儿童内衣内裤,2019-01-10,2817,3695,2019-10-05 14:51:19
童装,儿童内衣内裤,2019-01-11,2367,3696,2019-10-05 14:51:19
童装,儿童内衣内裤,2019-01-12,2213,3695,2019-10-05 14:51:19
童装,儿童内衣内裤,2019-01-13,2803,3694,2019-10-05 14:51:19
童装,儿童内衣内裤,2019-01-14,3311,3703,2019-10-05 14:51:19
童装,儿童内衣内裤,2019-01-15,2680,3684,2019-10-05 14:51:19
童装,儿童内衣内裤,2019-01-16,2619,3698,2019-10-05 14:51:19
童装,儿童内衣内裤,2019-01-17,2465,3702,2019-10-05 14:51:19
童装,儿童内衣内裤,2019-01-18,2093,3709,2019-10-05 14:51:19
童装,儿童内衣内裤,2019-01-19,2076,3712,2019-10-05 14:51:19
童装,儿童内衣内裤,2019-01-20,2449,3716,2019-10-05 14:51:19
童装,儿童内衣内裤,2019-01-21,2411,3721,2019-10-05 14:51:19
童装,儿童内衣内裤,2019-01-22,2380,3720,2019-10-05 14:51:19
童装,儿童内衣内裤,2019-01-23,2332,3717,2019-10-05 14:51:19
童装,儿童内衣内裤,2019-01-24,2253,3724,2019-10-05 14:51:19
童装,儿童内衣内裤,2019-01-25,2150,3719,2019-10-05 14:51:19
童装,儿童内衣内裤,2019-01-26,1935,3721,2019-10-05 14:51:19
童装,儿童内衣内裤,2019-01-27,1853,3723,2019-10-05 14:51:19
童装,儿童内衣内裤,2019-01-28,1775,3722,2019-10-05 14:51:19
童装,儿童内衣内裤,2019-01-29,2534,3725,2019-10-05 14:51:19
童装,儿童内衣内裤,2019-01-30,2490,3730,2019-10-05 14:51:19
童装,儿童内衣内裤,2019-01-31,2397,3733,2019-10-05 14:51:19
童装,儿童内衣内裤,2019-02-01,2210,3742,2019-10-05 14:51:19
童装,儿童内衣内裤,2019-02-02,2048,3742,2019-10-05 14:51:19
童装,儿童内衣内裤,2019-02-03,2410,3748,2019-10-05 14:51:19
童装,儿童内衣内裤,2019-02-04,2368,3743,2019-10-05 14:51:19
童装,儿童内衣内裤,2019-02-05,2431,3727,2019-10-05 14:51:19
童装,儿童内衣内裤,2019-02-06,2334,3726,2019-10-05 14:51:19
童装,儿童内衣内裤,2019-02-07,2234,3725,2019-10-05 14:51:19
童装,儿童内衣内裤,2019-02-08,2002,3725,2019-10-05 14:51:19
童装,儿童内衣内裤,2019-02-09,1850,3725,2019-10-05 14:51:19
童装,儿童内衣内裤,2019-02-10,2245,3730,2019-10-05 14:51:19
童装,儿童内衣内裤,2019-02-11,2272,3721,2019-10-05 14:51:19
童装,儿童内衣内裤,2019-02-12,2182,3721,2019-10-05 14:51:19
童装,儿童内衣内裤,2019-02-13,2099,3717,2019-10-05 14:51:19
童装,儿童内衣内裤,2019-02-14,2042,3706,2019-10-05 14:51:19
童装,儿童内衣内裤,2019-02-15,1852,3705,2019-10-05 14:51:19
童装,儿童内衣内裤,2019-02-16,1711,3700,2019-10-05 14:51:19
童装,儿童内衣内裤,2019-02-17,1940,3709,2019-10-05 14:51:19
童装,儿童内衣内裤,2019-02-18,1802,3709,2019-10-05 14:51:19
童装,儿童内衣内裤,2019-02-19,1756,3709,2019-10-05 14:51:19
童装,儿童内衣内裤,2019-02-20,1634,3706,2019-10-05 14:51:19
童装,儿童内衣内裤,2019-02-21,1510,3708,2019-10-05 14:51:19
童装,儿童内衣内裤,2019-02-22,1273,3708,2019-10-05 14:51:19
童装,儿童内衣内裤,2019-02-23,1043,3707,2019-10-05 14:51:19
童装,儿童内衣内裤,2019-02-24,1094,3706,2019-10-05 14:51:19
童装,儿童内衣内裤,2019-02-25,959,3704,2019-10-05 14:51:19
童装,儿童内衣内裤,2019-02-26,922,3700,2019-10-05 14:51:19
童装,儿童内衣内裤,2019-02-27,791,3694,2019-10-05 14:51:19
童装,儿童内衣内裤,2019-02-28,621,3688,2019-10-05 14:51:19
童装,儿童内衣内裤,2019-03-01,550,3686,2019-10-05 14:51:19
童装,儿童内衣内裤,2019-03-02,499,3677,2019-10-05 14:51:19
童装,儿童内衣内裤,2019-03-03,492,3672,2019-10-05 14:51:19
童装,儿童内衣内裤,2019-03-04,496,3669,2019-10-05 14:51:19
童装,儿童内衣内裤,2019-03-05,569,3675,2019-10-05 14:51:19
童装,儿童内衣内裤,2019-03-06,592,3667,2019-10-05 14:51:19
童装,儿童内衣内裤,2019-03-07,726,3663,2019-10-05 14:51:19
童装,儿童内衣内裤,2019-03-08,840,3661,2019-10-05 14:51:19
童装,儿童内衣内裤,2019-03-09,1068,3667,2019-10-05 14:51:19
童装,儿童内衣内裤,2019-03-10,1586,3667,2019-10-05 14:51:19
童装,儿童内衣内裤,2019-03-11,2179,3675,2019-10-05 14:51:19
童装,儿童内衣内裤,2019-03-12,2191,3681,2019-10-05 14:51:19
童装,儿童内衣内裤,2019-03-13,2281,3677,2019-10-05 14:51:19
童装,儿童内衣内裤,2019-03-14,2351,3679,2019-10-05 14:51:19
童装,儿童内衣内裤,2019-03-15,2278,3689,2019-10-05 14:51:19
童装,儿童内衣内裤,2019-03-16,2085,3686,2019-10-05 14:51:19
童装,儿童内衣内裤,2019-03-17,2520,3687,2019-10-05 14:51:19
童装,儿童内衣内裤,2019-03-18,2308,3691,2019-10-05 14:51:19
童装,儿童内衣内裤,2019-03-19,2594,3692,2019-10-05 14:51:19
童装,儿童内衣内裤,2019-03-20,2668,3694,2019-10-05 14:51:19
童装,儿童内衣内裤,2019-03-21,2703,3695,2019-10-05 14:51:19
童装,儿童内衣内裤,2019-03-22,2471,3700,2019-10-05 14:51:19
童装,儿童内衣内裤,2019-03-23,2308,3703,2019-10-05 14:51:19
童装,儿童内衣内裤,2019-03-24,2695,3725,2019-10-05 14:51:19
童装,儿童内衣内裤,2019-03-25,2790,3759,2019-10-05 14:51:19
童装,儿童内衣内裤,2019-03-26,2665,3770,2019-10-05 14:51:19
童装,儿童内衣内裤,2019-03-27,2637,3765,2019-10-05 14:51:19
童装,儿童内衣内裤,2019-03-28,2658,3764,2019-10-05 14:51:19
童装,儿童内衣内裤,2019-03-29,2362,3771,2019-10-05 14:51:19
童装,儿童内衣内裤,2019-03-30,2265,3770,2019-10-05 14:51:19
童装,儿童内衣内裤,2019-03-31,2639,3762,2019-10-05 14:51:19
童装,儿童内衣内裤,2019-04-01,2709,3771,2019-10-05 14:51:19
童装,儿童内衣内裤,2019-04-02,2671,3774,2019-10-05 14:51:19
童装,儿童内衣内裤,2019-04-03,2687,3787,2019-10-05 14:51:19
童装,儿童内衣内裤,2019-04-04,2452,3797,2019-10-05 14:51:19
童装,儿童内衣内裤,2019-04-05,2209,3803,2019-10-05 14:51:19
童装,儿童内衣内裤,2019-04-06,2139,3816,2019-10-05 14:51:19
童装,儿童内衣内裤,2019-04-07,2610,3818,2019-10-05 14:51:19
童装,儿童内衣内裤,2019-04-08,2585,3818,2019-10-05 14:51:19
童装,儿童内衣内裤,2019-04-09,2512,3810,2019-10-05 14:51:19
童装,儿童内衣内裤,2019-04-10,2580,3823,2019-10-05 14:51:19
童装,儿童内衣内裤,2019-04-11,2481,3850,2019-10-05 14:51:19
童装,儿童内衣内裤,2019-04-12,2134,3849,2019-10-05 14:51:19
童装,儿童内衣内裤,2019-04-13,2037,3859,2019-10-05 14:51:19
童装,儿童内衣内裤,2019-04-14,2498,3868,2019-10-05 14:51:19
童装,儿童内衣内裤,2019-04-15,2515,3874,2019-10-05 14:51:19
童装,儿童内衣内裤,2019-04-16,2525,3877,2019-10-05 14:51:19
童装,儿童内衣内裤,2019-04-17,2571,3905,2019-10-05 14:51:19
童装,儿童内衣内裤,2019-04-18,2507,4011,2019-10-05 14:51:19
童装,儿童内衣内裤,2019-04-19,2214,4087,2019-10-05 14:51:19
童装,儿童内衣内裤,2019-04-20,1907,4103,2019-10-05 14:51:19
童装,儿童内衣内裤,2019-04-21,2365,4150,2019-10-05 14:51:19
童装,儿童内衣内裤,2019-04-22,2301,4204,2019-10-05 14:51:19
童装,儿童内衣内裤,2019-04-23,2379,4230,2019-10-05 14:51:19
童装,儿童内衣内裤,2019-04-24,2909,4260,2019-10-05 14:51:19
童装,儿童内衣内裤,2019-04-25,2293,4265,2019-10-05 14:51:19
童装,儿童内衣内裤,2019-04-26,1944,4289,2019-10-05 14:51:19
童装,儿童内衣内裤,2019-04-27,1841,4295,2019-10-05 14:51:19
童装,儿童内衣内裤,2019-04-28,2187,4294,2019-10-05 14:51:19
童装,儿童内衣内裤,2019-04-29,2211,4298,2019-10-05 14:51:19
童装,儿童内衣内裤,2019-04-30,2171,4298,2019-10-05 14:51:19
童装,儿童内衣内裤,2019-05-01,2006,4298,2019-10-05 14:51:19
童装,儿童内衣内裤,2019-05-02,1508,4301,2019-10-05 14:51:19
童装,儿童内衣内裤,2019-05-03,1637,4301,2019-10-05 14:51:19
童装,儿童内衣内裤,2019-05-04,1844,4297,2019-10-05 14:51:19
童装,儿童内衣内裤,2019-05-05,2345,4299,2019-10-05 14:51:19
童装,儿童内衣内裤,2019-05-06,2374,4301,2019-10-05 14:51:19
童装,儿童内衣内裤,2019-05-07,2348,4300,2019-10-05 14:51:19
童装,儿童内衣内裤,2019-05-08,2244,4305,2019-10-05 14:51:19
童装,儿童内衣内裤,2019-05-09,2126,4310,2019-10-05 14:51:19
童装,儿童内衣内裤,2019-05-10,1812,4315,2019-10-05 14:51:19
童装,儿童内衣内裤,2019-05-11,1749,4323,2019-10-05 14:51:19
童装,儿童内衣内裤,2019-05-12,2127,4325,2019-10-05 14:51:19
童装,儿童内衣内裤,2019-05-13,2124,4328,2019-10-05 14:51:19
童装,儿童内衣内裤,2019-05-14,2196,4308,2019-10-05 14:51:19
童装,儿童内衣内裤,2019-05-15,2193,4298,2019-10-05 14:51:19
童装,儿童内衣内裤,2019-05-16,2124,4301,2019-10-05 14:51:19
童装,儿童内衣内裤,2019-05-17,1912,4303,2019-10-05 14:51:19
童装,儿童内衣内裤,2019-05-18,1759,4300,2019-10-05 14:51:19
童装,儿童内衣内裤,2019-05-19,2239,4291,2019-10-05 14:51:19
童装,儿童内衣内裤,2019-05-20,2248,4286,2019-10-05 14:51:19
童装,儿童内衣内裤,2019-05-21,2235,4275,2019-10-05 14:51:19
童装,儿童内衣内裤,2019-05-22,2179,4204,2019-10-05 14:51:19
童装,儿童内衣内裤,2019-05-23,2172,4197,2019-10-05 14:51:19
童装,儿童内衣内裤,2019-05-24,1920,4201,2019-10-05 14:51:19
童装,儿童内衣内裤,2019-05-25,1862,4198,2019-10-05 14:51:19
童装,儿童内衣内裤,2019-05-26,2032,4199,2019-10-05 14:51:19
童装,儿童内衣内裤,2019-05-27,1897,4191,2019-10-05 14:51:19
童装,儿童内衣内裤,2019-05-28,1347,4181,2019-10-05 14:51:19
童装,儿童内衣内裤,2019-05-29,1559,4176,2019-10-05 14:51:19
童装,儿童内衣内裤,2019-05-30,1731,4176,2019-10-05 14:51:19
童装,儿童内衣内裤,2019-05-31,1742,4180,2019-10-05 14:51:19
童装,儿童内衣内裤,2019-06-01,2037,4178,2019-10-05 14:51:19
童装,儿童内衣内裤,2019-06-02,2134,4175,2019-10-05 14:51:19
童装,儿童内衣内裤,2019-06-03,2067,4179,2019-10-05 14:51:19
童装,儿童内衣内裤,2019-06-04,2108,4137,2019-10-05 14:51:19
童装,儿童内衣内裤,2019-06-05,2107,4133,2019-10-05 14:51:19
童装,儿童内衣内裤,2019-06-06,1953,4129,2019-10-05 14:51:19
童装,儿童内衣内裤,2019-06-07,1837,4127,2019-10-05 14:51:19
童装,儿童内衣内裤,2019-06-08,1675,4132,2019-10-05 14:51:19
童装,儿童内衣内裤,2019-06-09,2113,4134,2019-10-05 14:51:19
童装,儿童内衣内裤,2019-06-10,2089,4140,2019-10-05 14:51:19
童装,儿童内衣内裤,2019-06-11,2109,4184,2019-10-05 14:51:19
童装,儿童内衣内裤,2019-06-12,2133,4178,2019-10-05 14:51:19
童装,儿童内衣内裤,2019-06-13,2135,4183,2019-10-05 14:51:19
童装,儿童内衣内裤,2019-06-14,1862,4193,2019-10-05 14:51:19
童装,儿童内衣内裤,2019-06-15,1755,4202,2019-10-05 14:51:19
童装,儿童内衣内裤,2019-06-16,2200,4159,2019-10-05 14:51:19
童装,儿童内衣内裤,2019-06-17,2225,4164,2019-10-05 14:51:19
童装,儿童内衣内裤,2019-06-18,2119,4167,2019-10-05 14:51:19
童装,儿童内衣内裤,2019-06-19,2121,4166,2019-10-05 14:51:19
童装,儿童内衣内裤,2019-06-20,2110,4174,2019-10-05 14:51:19
童装,儿童内衣内裤,2019-06-21,1845,4188,2019-10-05 14:51:19
童装,儿童内衣内裤,2019-06-22,1731,4218,2019-10-05 14:51:19
童装,儿童内衣内裤,2019-06-23,2168,4221,2019-10-05 14:51:19
童装,儿童内衣内裤,2019-06-24,2369,4229,2019-10-05 14:51:19
童装,儿童内衣内裤,2019-06-25,2119,4237,2019-10-05 14:51:19
童装,儿童内衣内裤,2019-06-26,1983,4242,2019-10-05 14:51:19
童装,儿童内衣内裤,2019-06-27,1877,4242,2019-10-05 14:51:19
童装,儿童内衣内裤,2019-06-28,1730,4253,2019-10-05 14:51:19
童装,儿童内衣内裤,2019-06-29,1707,4260,2019-10-05 14:51:19
童装,儿童内衣内裤,2019-06-30,2137,4269,2019-10-05 14:51:19
童装,儿童内衣内裤,2019-07-01,2130,4238,2019-10-05 14:51:19
童装,儿童内衣内裤,2019-07-02,2134,4243,2019-10-05 14:51:19
童装,儿童内衣内裤,2019-07-03,1920,4271,2019-10-05 14:51:19
童装,儿童内衣内裤,2019-07-04,1469,4285,2019-10-05 14:51:19
童装,儿童内衣内裤,2019-07-05,1686,4280,2019-10-05 14:51:19
童装,儿童内衣内裤,2019-07-06,1805,4286,2019-10-05 14:51:19
童装,儿童内衣内裤,2019-07-07,2174,4292,2019-10-05 14:51:19
童装,儿童内衣内裤,2019-07-08,2182,4290,2019-10-05 14:51:19
童装,儿童内衣内裤,2019-07-09,2197,4320,2019-10-05 14:51:19
童装,儿童内衣内裤,2019-07-10,2221,4327,2019-10-05 14:51:19
童装,儿童内衣内裤,2019-07-11,2037,4330,2019-10-05 14:51:19
童装,儿童内衣内裤,2019-07-12,1763,4349,2019-10-05 14:51:19
童装,儿童内衣内裤,2019-07-13,1703,4349,2019-10-05 14:51:19
童装,儿童内衣内裤,2019-07-14,2135,4353,2019-10-05 14:51:19
童装,儿童内衣内裤,2019-07-15,2251,4356,2019-10-05 14:51:19
童装,儿童内衣内裤,2019-07-16,2133,4359,2019-10-05 14:51:19
童装,儿童内衣内裤,2019-07-17,2040,4376,2019-10-05 14:51:19
童装,儿童内衣内裤,2019-07-18,2078,4386,2019-10-05 14:51:19
童装,儿童内衣内裤,2019-07-19,1830,4398,2019-10-05 14:51:19
童装,儿童内衣内裤,2019-07-20,1640,4407,2019-10-05 14:51:19
童装,儿童内衣内裤,2019-07-21,2104,4412,2019-10-05 14:51:19
童装,儿童内衣内裤,2019-07-22,2141,4416,2019-10-05 14:51:19
童装,儿童内衣内裤,2019-07-23,2080,4416,2019-10-05 14:51:19
童装,儿童内衣内裤,2019-07-24,2031,4418,2019-10-05 14:51:19
童装,儿童内衣内裤,2019-07-25,2002,4423,2019-10-05 14:51:19
童装,儿童内衣内裤,2019-07-26,1809,4427,2019-10-05 14:51:19
童装,儿童内衣内裤,2019-07-27,1661,4431,2019-10-05 14:51:19
童装,儿童内衣内裤,2019-07-28,2085,4431,2019-10-05 14:51:19
童装,儿童内衣内裤,2019-07-29,2190,4441,2019-10-05 14:51:19
童装,儿童内衣内裤,2019-07-30,2183,4382,2019-10-05 14:51:19
童装,儿童内衣内裤,2019-07-31,2234,4369,2019-10-05 14:51:19
童装,儿童内衣内裤,2019-08-01,2163,4385,2019-10-05 14:51:19
童装,儿童内衣内裤,2019-08-02,1939,4393,2019-10-05 14:51:19
童装,儿童内衣内裤,2019-08-03,1862,4393,2019-10-05 14:51:19
童装,儿童内衣内裤,2019-08-04,2301,4396,2019-10-05 14:51:19
童装,儿童内衣内裤,2019-08-05,2258,4400,2019-10-05 14:51:19
童装,儿童内衣内裤,2019-08-06,2183,4401,2019-10-05 14:51:19
童装,儿童内衣内裤,2019-08-07,2241,4406,2019-10-05 14:51:19
童装,儿童内衣内裤,2019-08-08,2273,4417,2019-10-05 14:51:19
童装,儿童内衣内裤,2019-08-09,2097,4422,2019-10-05 14:51:19
童装,儿童内衣内裤,2019-08-10,1884,4425,2019-10-05 14:51:19
童装,儿童内衣内裤,2019-08-11,2310,4436,2019-10-05 14:51:19
童装,儿童内衣内裤,2019-08-12,2319,4425,2019-10-05 14:51:19
童装,儿童内衣内裤,2019-08-13,2334,4426,2019-10-05 14:51:19
童装,儿童内衣内裤,2019-08-14,2378,4441,2019-10-05 14:51:19
童装,儿童内衣内裤,2019-08-15,2322,4436,2019-10-05 14:51:19
童装,儿童内衣内裤,2019-08-16,2049,4449,2019-10-05 14:51:19
童装,儿童内衣内裤,2019-08-17,1902,4449,2019-10-05 14:51:19
童装,儿童内衣内裤,2019-08-18,2304,4428,2019-10-05 14:51:19
童装,儿童内衣内裤,2019-08-19,2297,4446,2019-10-05 14:51:19
童装,儿童内衣内裤,2019-08-20,2223,4452,2019-10-05 14:51:19
童装,儿童内衣内裤,2019-08-21,2362,4469,2019-10-05 14:51:19
童装,儿童内衣内裤,2019-08-22,2373,4446,2019-10-05 14:51:19
童装,儿童内衣内裤,2019-08-23,2082,4450,2019-10-05 14:51:19
童装,儿童内衣内裤,2019-08-24,1972,4452,2019-10-05 14:51:19
童装,儿童内衣内裤,2019-08-25,2320,4454,2019-10-05 14:51:19
童装,儿童内衣内裤,2019-08-26,2394,4465,2019-10-05 14:51:19
童装,儿童内衣内裤,2019-08-27,2384,4462,2019-10-05 14:51:19
童装,儿童内衣内裤,2019-08-28,2435,4467,2019-10-05 14:51:19
童装,儿童内衣内裤,2019-08-29,2408,4456,2019-10-05 14:51:19
童装,儿童内衣内裤,2019-08-30,2278,4469,2019-10-05 14:51:19
童装,儿童内衣内裤,2019-08-31,2109,4473,2019-10-05 14:51:19
童装,儿童内衣内裤,2019-09-01,2558,4480,2019-10-05 14:51:19
童装,儿童内衣内裤,2019-09-02,2532,4471,2019-10-05 14:51:19
童装,儿童内衣内裤,2019-09-03,2411,4408,2019-10-05 14:51:19
童装,儿童内衣内裤,2019-09-04,2489,4379,2019-10-05 14:51:19
童装,儿童内衣内裤,2019-09-05,2508,4395,2019-10-05 14:51:19
童装,儿童内衣内裤,2019-09-06,2350,4421,2019-10-05 14:51:19
童装,儿童内衣内裤,2019-09-07,2289,4430,2019-10-05 14:51:19
童装,儿童内衣内裤,2019-09-08,2742,4460,2019-10-05 14:51:19
童装,儿童内衣内裤,2019-09-09,2670,4468,2019-10-05 14:51:19
童装,儿童内衣内裤,2019-09-10,2753,4483,2019-10-05 14:51:19
童装,儿童内衣内裤,2019-09-11,2754,4493,2019-10-05 14:51:19
童装,儿童内衣内裤,2019-09-12,2699,4506,2019-10-05 14:51:19
童装,儿童内衣内裤,2019-09-13,2478,4521,2019-10-05 14:51:19
童装,儿童内衣内裤,2019-09-14,2250,4520,2019-10-05 14:51:19
童装,儿童内衣内裤,2019-09-15,2795,4525,2019-10-05 14:51:19
童装,儿童内衣内裤,2019-09-16,2890,4549,2019-10-05 14:51:19
童装,儿童内衣内裤,2019-09-17,2896,4557,2019-10-05 14:51:19
童装,儿童内衣内裤,2019-09-18,2830,4582,2019-10-05 14:51:19
童装,儿童内衣内裤,2019-09-19,2788,4609,2019-10-05 14:51:19
童装,儿童内衣内裤,2019-09-20,2567,4622,2019-10-05 14:51:19
童装,儿童内衣内裤,2019-09-21,2340,4631,2019-10-05 14:51:19
童装,儿童内衣内裤,2019-09-22,2941,4625,2019-10-05 14:51:19
童装,儿童内衣内裤,2019-09-23,2946,4614,2019-10-05 14:51:19
童装,儿童内衣内裤,2019-09-24,2984,4623,2019-10-05 14:51:19
童装,儿童内衣内裤,2019-09-25,2961,4624,2019-10-05 14:51:19
童装,儿童内衣内裤,2019-09-26,2909,4643,2019-10-05 14:51:19
童装,儿童内衣内裤,2019-09-27,2643,4658,2019-10-05 14:51:19
童装,儿童内衣内裤,2019-09-28,2550,4684,2019-10-05 14:51:19
童装,儿童内衣内裤,2019-09-29,3132,4695,2019-10-05 14:51:19
童装,儿童内衣内裤,2019-09-30,3239,4699,2019-10-05 14:51:19
童装,儿童内衣内裤,2019-10-01,3247,4698,2019-10-05 14:51:19
童装,儿童内衣内裤,2019-10-02,3104,4699,2019-10-05 14:51:19
童装,儿童内衣内裤,2019-10-03,2903,4700,2019-10-05 14:51:19
童装,儿童内衣内裤,2019-10-04,2599,4714,2019-10-05 14:51:19
童装,儿童内衣内裤,2019-10-05,2508,4719,2019-10-05 14:51:19
童装,儿童内衣内裤,2019-10-06,3007,4696,2019-10-05 14:51:19
童装,儿童内衣内裤,2019-10-07,3013,4705,2019-10-05 14:51:19
童装,儿童内衣内裤,2019-10-08,2958,4709,2019-10-05 14:51:19
童装,儿童内衣内裤,2019-10-09,2779,4734,2019-10-05 14:51:19
童装,儿童内衣内裤,2019-10-10,1955,4734,2019-10-05 14:51:19
童装,儿童内衣内裤,2019-10-11,2530,4746,2019-10-05 14:51:19
童装,儿童内衣内裤,2019-10-12,2740,4738,2019-10-05 14:51:19
童装,儿童内衣内裤,2019-10-13,3290,4745,2019-10-05 14:51:19
童装,儿童内衣内裤,2019-10-14,3869,4781,2019-10-05 14:51:19
童装,儿童内衣内裤,2019-10-15,3576,4774,2019-10-05 14:51:19
童装,儿童内衣内裤,2019-10-16,3528,4776,2019-10-05 14:51:19
童装,儿童内衣内裤,2019-10-17,3264,4791,2019-10-05 14:51:19
童装,儿童内衣内裤,2019-10-18,3046,4819,2019-10-05 14:51:19
童装,儿童内衣内裤,2019-10-19,2874,4836,2019-10-05 14:51:19
童装,儿童内衣内裤,2019-10-20,3355,4856,2019-10-05 14:51:19
童装,儿童内衣内裤,2019-10-21,3463,4858,2019-10-05 14:51:19
童装,儿童内衣内裤,2019-10-22,3390,4873,2019-10-05 14:51:19
童装,儿童内衣内裤,2019-10-23,3217,4879,2019-10-05 14:51:19
童装,儿童内衣内裤,2019-10-24,3045,4905,2019-10-05 14:51:19
童装,儿童内衣内裤,2019-10-25,2576,4907,2019-10-05 14:51:19
童装,儿童内衣内裤,2019-10-26,2636,4911,2019-10-05 14:51:19
童装,儿童内衣内裤,2019-10-27,2522,4908,2019-10-05 14:51:19
童装,儿童内衣内裤,2019-10-28,1814,4913,2019-10-05 14:51:19
童装,儿童内衣内裤,2019-10-29,2121,4918,2019-10-05 14:51:19
童装,儿童内衣内裤,2019-10-30,2256,4938,2019-10-05 14:51:19
童装,儿童内衣内裤,2019-10-31,2465,4957,2019-10-05 14:51:19
